START 2026-09-30T10:49:23+08:00
PWD /d/SakuraTool/SakuraPool
HEAD 51ea23a4367cb8f069e930c5ab1882a0a00c8423
HEAD_TREE f0680c67652afc6cb04a236169ecc37bd425aa2d
CMD D:/SakuraTool/SakuraPool-Fix3-20260930a/py312/Scripts/python.exe reports/R1-final/evidence/fix3_run_full.py 
CARGO_TARGET_DIR=D:/SakuraTool/SakuraPool-Fix3-20260930a/rust-target
SAKURAPOOL_RUST_WORKER=D:/SakuraTool/SakuraPool-Fix3-20260930a/rust-target/release/sakurapool-worker.exe
PYTHONPATH=<unset>
ORDER_ONLY_PLUGIN=D:\SakuraTool\SakuraPool\reports\R1-final\evidence\fix3_collection_order.py
============================= test session starts =============================
platform win32 -- Python 3.12.13, pytest-8.3.4, pluggy-1.6.0 -- D:\SakuraTool\SakuraPool-Fix3-20260930a\py312\Scripts\python.exe
cachedir: .pytest_cache
R1 worker: D:/SakuraTool/SakuraPool-Fix3-20260930a/rust-target/release/sakurapool-worker.exe (sha256:0b8bafc4f1388ad3)
rootdir: D:\SakuraTool\SakuraPool
configfile: pyproject.toml
collecting ... 
FIX3_COLLECTION original=523 ordered=523 multiset_equal=True
FIX3_COLLECTION_AUDIT=D:\SakuraTool\SakuraPool\reports\R1-final\evidence\fix3-full-collection.json
collected 523 items

tests/test_bench_workload.py::test_anchor_sampling_frequency_and_correlations PASSED [  0%]
tests/test_bench_workload.py::test_percentiles_and_workload_specs PASSED [  0%]
tests/test_bench_workload.py::test_tiny_two_source_workload_and_capacity PASSED [  0%]
tests/test_bench_workload.py::test_integrated_timings_materialization_and_fail_closed_gates PASSED [  0%]
tests/test_bench_workload.py::test_drain_does_not_request_extra_batch PASSED [  0%]
tests/test_bench_workload.py::test_preflight_rejects_empty_any_of_branch PASSED [  1%]
tests/test_evaluator.py::test_filter_select_and_limit_are_deterministic PASSED [  1%]
tests/test_evaluator.py::test_count PASSED                               [  1%]
tests/test_indexer.py::test_original_fixtures[A-members0-2-codes0] PASSED [  1%]
tests/test_indexer.py::test_original_fixtures[B-members1-1-codes1] PASSED [  1%]
tests/test_indexer.py::test_original_fixtures[C-members2-0-codes2] PASSED [  2%]
tests/test_indexer.py::test_original_fixtures[D-members3-0-codes3] PASSED [  2%]
tests/test_indexer.py::test_original_fixtures[E-members4-0-codes4] PASSED [  2%]
tests/test_indexer.py::test_original_fixtures[F-members5-1-codes5] PASSED [  2%]
tests/test_indexer.py::test_original_fixtures[G-members6-0-codes6] PASSED [  2%]
tests/test_indexer.py::test_original_fixtures[H-members7-0-codes7] PASSED [  3%]
tests/test_indexer.py::test_crash_recovery[A] PASSED                     [  3%]
tests/test_indexer.py::test_crash_recovery[B] PASSED                     [  3%]
tests/test_indexer.py::test_crash_recovery[C] PASSED                     [  3%]
tests/test_indexer.py::test_crash_recovery[D] PASSED                     [  3%]
tests/test_indexer.py::test_crash_recovery[E] PASSED                     [  4%]
tests/test_indexer.py::test_committed_corruption[objects] PASSED         [  4%]
tests/test_indexer.py::test_committed_corruption[samples] PASSED         [  4%]
tests/test_indexer.py::test_committed_corruption[annotations] PASSED     [  4%]
tests/test_indexer.py::test_committed_corruption[errors] PASSED          [  4%]
tests/test_indexer.py::test_committed_corruption[COMMIT] PASSED          [  4%]
tests/test_indexer.py::test_compressed_disguised[w:gz] PASSED            [  5%]
tests/test_indexer.py::test_compressed_disguised[w:bz2] PASSED           [  5%]
tests/test_indexer.py::test_compressed_disguised[w:xz] PASSED            [  5%]
tests/test_indexer.py::test_member_offset_re_read_verification PASSED    [  5%]
tests/test_indexer.py::test_same_path_different_content_changes_object_and_record_ids PASSED [  5%]
tests/test_indexer.py::test_four_tables_share_object_and_record_references PASSED [  6%]
tests/test_indexer.py::test_bounded_cross_batch_writer_staging PASSED    [  6%]
tests/test_indexer.py::test_identity_formula_conflict_uint64 PASSED      [  6%]
tests/test_indexer.py::test_optional_metadata_tags_hash_no_decode PASSED [  6%]
tests/test_indexer.py::test_png_header_dimensions_are_indexed_without_decode PASSED [  6%]
tests/test_indexer.py::test_tar_member_cache_is_bounded PASSED           [  7%]
tests/test_indexer.py::test_optional_spool_directory_keeps_default_and_cleans_on_failure PASSED [  7%]
tests/test_indexer.py::test_member_lookup_uses_indexed_plan PASSED       [  7%]
tests/test_indexer.py::test_default_scan_does_not_read_image_payload PASSED [  7%]
tests/test_indexer.py::test_resume_verification_does_not_read_full_parquet PASSED [  7%]
tests/test_indexer.py::test_utf8_error_detail_is_bounded PASSED          [  8%]
tests/test_indexer.py::test_all_table_row_boundaries_and_resume[0] PASSED [  8%]
tests/test_indexer.py::test_all_table_row_boundaries_and_resume[1] PASSED [  8%]
tests/test_indexer.py::test_all_table_row_boundaries_and_resume[1023] PASSED [  8%]
tests/test_indexer.py::test_all_table_row_boundaries_and_resume[1024] PASSED [  8%]
tests/test_indexer.py::test_all_table_row_boundaries_and_resume[1025] PASSED [  8%]
tests/test_indexer.py::test_all_table_row_boundaries_and_resume[2051] PASSED [  9%]
tests/test_indexer.py::test_errors_cross_batch_roundtrip_and_resume[1025] PASSED [  9%]
tests/test_indexer.py::test_errors_cross_batch_roundtrip_and_resume[2051] PASSED [  9%]
tests/test_indexer.py::test_v4_contract_constants_and_storage_roundtrip PASSED [  9%]
tests/test_indexer.py::test_object_ref_roundtrip_and_bounds PASSED       [  9%]
tests/test_indexer.py::test_objects_parquet_objectref_and_memberrefs_are_lossless PASSED [ 10%]
tests/test_indexer.py::test_avif_pairing_and_payload_extent PASSED       [ 10%]
tests/test_indexer.py::test_spool_constructor_failure_releases_owned_files[connect] PASSED [ 10%]
tests/test_indexer.py::test_spool_constructor_failure_releases_owned_files[ddl] PASSED [ 10%]
tests/test_indexer.py::test_spool_constructor_failure_releases_owned_files[commit] PASSED [ 10%]
tests/test_indexer.py::test_handle_close_failure_keeps_pending_until_retry PASSED [ 11%]
tests/test_indexer.py::test_object_ref_archive_format_contract PASSED    [ 11%]
tests/test_indexer.py::test_second_spool_connect_failure_releases_both PASSED [ 11%]
tests/test_indexer.py::test_close_failure_and_primary_error_cleanup PASSED [ 11%]
tests/test_indexer.py::test_scan_error_exposes_retryable_cleanup_handle_after_gc PASSED [ 11%]
tests/test_indexer.py::test_success_path_cleanup_failure_blocks_commit PASSED [ 12%]
tests/test_indexer.py::test_primary_error_survives_cleanup_error PASSED  [ 12%]
tests/test_indexer.py::test_reference_error_exposes_retry_handle_after_gc PASSED [ 12%]
tests/test_indexer.py::test_reference_error_keeps_primary_when_rows_unlink_fails PASSED [ 12%]
tests/test_indexer.py::test_scope_cleanup_partial_success_retains_only_failed_resource PASSED [ 12%]
tests/test_indexer.py::test_scan_failure_does_not_cleanup_external_scope PASSED [ 13%]
tests/test_indexer.py::test_storage_profile_is_stable_but_object_id_is_not PASSED [ 13%]
tests/test_indexer.py::test_input_same_size_mtime_changed PASSED         [ 13%]
tests/test_indexer.py::test_fresh_process_roundtrip_determinism PASSED   [ 13%]
tests/test_indexer.py::test_cli_config PASSED                            [ 13%]
tests/test_indexer_boundaries.py::test_invalid_adapter_config[None] PASSED [ 13%]
tests/test_indexer_boundaries.py::test_invalid_adapter_config[config1] PASSED [ 14%]
tests/test_indexer_boundaries.py::test_invalid_adapter_config[config2] PASSED [ 14%]
tests/test_indexer_boundaries.py::test_invalid_adapter_config[config3] PASSED [ 14%]
tests/test_indexer_boundaries.py::test_invalid_adapter_config[config4] PASSED [ 14%]
tests/test_indexer_boundaries.py::test_invalid_adapter_config[config5] PASSED [ 14%]
tests/test_indexer_boundaries.py::test_invalid_adapter_config[config6] PASSED [ 15%]
tests/test_indexer_boundaries.py::test_invalid_adapter_config[config7] PASSED [ 15%]
tests/test_indexer_boundaries.py::test_truncated_tar_cli_json PASSED     [ 15%]
tests/test_indexer_boundaries.py::test_registry_duplicate PASSED         [ 15%]
tests/test_indexer_recovery.py::test_process_death[A] PASSED             [ 15%]
tests/test_indexer_recovery.py::test_process_death[B] PASSED             [ 16%]
tests/test_indexer_recovery.py::test_process_death[C] PASSED             [ 16%]
tests/test_indexer_recovery.py::test_process_death[D] PASSED             [ 16%]
tests/test_indexer_recovery.py::test_process_death[E] PASSED             [ 16%]
tests/test_indexer_recovery.py::test_write_failure_is_not_archive_error PASSED [ 16%]
tests/test_indexer_recovery.py::test_changed_during_scan_not_committed PASSED [ 17%]
tests/test_indexer_recovery.py::test_readable_parquet_tampering_rejected PASSED [ 17%]
tests/test_indexer_recovery.py::test_two_shards_and_empty_annotations PASSED [ 17%]
tests/test_indexer_recovery.py::test_cli_row_error_nonzero PASSED        [ 17%]
tests/test_p2_revision.py::test_input_changes[touch] PASSED              [ 17%]
tests/test_p2_revision.py::test_input_changes[add] PASSED                [ 17%]
tests/test_p2_revision.py::test_input_changes[remove] PASSED             [ 18%]
tests/test_p2_revision.py::test_input_changes[config] PASSED             [ 18%]
tests/test_p2_revision.py::test_conflict_does_not_publish PASSED         [ 18%]
tests/test_p2_revision.py::test_explicit_error_codes[members0-ambiguous_metadata_member] PASSED [ 18%]
tests/test_p2_revision.py::test_explicit_error_codes[members1-invalid_post_id] PASSED [ 18%]
tests/test_p2_revision.py::test_full_paths_computed_hash PASSED          [ 19%]
tests/test_p4_budget.py::test_attempt_is_permanent_and_metadata_charges_raw_body PASSED [ 19%]
tests/test_p4_budget.py::test_body_pending_crash_and_restart_without_refund PASSED [ 19%]
tests/test_p4_budget.py::test_kill_retains_pending_and_inflight_requires_explicit_release PASSED [ 19%]
tests/test_p4_budget.py::test_atomic_cross_process_race PASSED           [ 19%]
tests/test_p4_budget.py::test_all_quotas_are_atomic_and_disk_includes_unrelated_fixture PASSED [ 20%]
tests/test_p4_budget.py::test_disk_reservation_counts_slots_and_cluster_rounded_fixture PASSED [ 20%]
tests/test_p4_budget.py::test_two_slots_are_exact_and_pending_is_bounded PASSED [ 20%]
tests/test_p4_budget.py::test_near_ceiling_refuses_slot_creation_before_lock_write PASSED [ 20%]
tests/test_p4_budget.py::test_slot_interruption_never_refunds_attempt_or_silently_resets[body-fsync] PASSED [ 20%]
tests/test_p4_budget.py::test_slot_interruption_never_refunds_attempt_or_silently_resets[header-short] PASSED [ 21%]
tests/test_p4_budget.py::test_slot_interruption_never_refunds_attempt_or_silently_resets[header-fsync] PASSED [ 21%]
tests/test_p4_budget.py::test_slot_interruption_never_refunds_attempt_or_silently_resets[after-reserve] PASSED [ 21%]
tests/test_p4_budget.py::test_a_single_invalid_slot_blocks_even_when_other_is_valid PASSED [ 21%]
tests/test_p4_budget.py::test_full_proof_slot_is_fixed_and_refuses_extra_proof PASSED [ 21%]
tests/test_p4_budget.py::test_existing_ledger_reopens_near_disk_limit_without_second_slot_allowance PASSED [ 21%]
tests/test_p4_budget.py::test_legacy_sqlite_or_orphan_sidecar_blocks_first_bootstrap[] PASSED [ 22%]
tests/test_p4_budget.py::test_legacy_sqlite_or_orphan_sidecar_blocks_first_bootstrap[-journal] PASSED [ 22%]
tests/test_p4_budget.py::test_legacy_sqlite_or_orphan_sidecar_blocks_first_bootstrap[-wal] PASSED [ 22%]
tests/test_p4_budget.py::test_legacy_sqlite_or_orphan_sidecar_blocks_first_bootstrap[-shm] PASSED [ 22%]
tests/test_p4_budget.py::test_resigned_semantically_invalid_slot_is_rejected[pending-disk] PASSED [ 22%]
tests/test_p4_budget.py::test_resigned_semantically_invalid_slot_is_rejected[used-metadata] PASSED [ 23%]
tests/test_p4_budget.py::test_resigned_semantically_invalid_slot_is_rejected[pending-metadata] PASSED [ 23%]
tests/test_p4_budget.py::test_partial_first_creator_never_auto_initializes_or_replaces[before-slots] PASSED [ 23%]
tests/test_p4_budget.py::test_partial_first_creator_never_auto_initializes_or_replaces[after-first-slot] PASSED [ 23%]
tests/test_p4_budget.py::test_follower_fails_closed_during_creator_bootstrap_then_can_reopen PASSED [ 23%]
tests/test_p4_budget.py::test_no_alternate_production_root_or_unknown_file PASSED [ 24%]
tests/test_p4_cli.py::test_inspect_plan_reservation_uses_actual_allocation_cluster[4096] PASSED [ 24%]
tests/test_p4_cli.py::test_inspect_plan_reservation_uses_actual_allocation_cluster[8192] PASSED [ 24%]
tests/test_p4_cli.py::test_inspect_plan_reservation_uses_actual_allocation_cluster[65536] PASSED [ 24%]
tests/test_p4_cli.py::test_inspect_plan_reservation_uses_actual_allocation_cluster[1048576] PASSED [ 24%]
tests/test_p4_cli.py::test_remote_cli_invalid_profile_or_blocked_scan_no_output[inspect] PASSED [ 25%]
tests/test_p4_cli.py::test_remote_cli_invalid_profile_or_blocked_scan_no_output[scan-remote] PASSED [ 25%]
tests/test_p4_cli.py::test_remote_cli_invalid_profile_or_blocked_scan_no_output[fetch] PASSED [ 25%]
tests/test_p4_cli.py::test_profile_rejects_offline_external_and_production_root_swap PASSED [ 25%]
tests/test_p4_cli.py::test_production_inspect_session_mock_routes_without_socket PASSED [ 25%]
tests/test_p4_cli.py::test_remote_cli_public_diagnostic_has_only_whitelisted_fields[http-expected0] PASSED [ 26%]
tests/test_p4_cli.py::test_remote_cli_public_diagnostic_has_only_whitelisted_fields[shape-expected1] PASSED [ 26%]
tests/test_p4_cli.py::test_remote_cli_public_diagnostic_has_only_whitelisted_fields[unknown-expected2] PASSED [ 26%]
tests/test_p4_cli.py::test_inspect_failure_releases_only_owned_disk_and_protects_user_file[headers] PASSED [ 26%]
tests/test_p4_cli.py::test_inspect_failure_releases_only_owned_disk_and_protects_user_file[shape] PASSED [ 26%]
tests/test_p4_cli.py::test_inspect_failure_releases_only_owned_disk_and_protects_user_file[write] PASSED [ 26%]
tests/test_p4_cli.py::test_inspect_failure_releases_only_owned_disk_and_protects_user_file[cancel] PASSED [ 27%]
tests/test_p4_cli.py::test_inspect_failure_releases_only_owned_disk_and_protects_user_file[user-temp] PASSED [ 27%]
tests/test_p4_cli.py::test_inspect_post_publish_failure_keeps_plan_and_never_refunds_unknown[after_publish_settle] PASSED [ 27%]
tests/test_p4_cli.py::test_inspect_post_publish_failure_keeps_plan_and_never_refunds_unknown[temp_cleanup] PASSED [ 27%]
tests/test_p4_cli.py::test_remote_fetch_missing_package_never_scans PASSED [ 27%]
tests/test_p4_package.py::test_package_inventory_and_exact_runtime_record_binding PASSED [ 28%]
tests/test_p4_package.py::test_frozen_package_schema_rejects_heterogeneous_repository PASSED [ 28%]
tests/test_p4_package.py::test_package_fails_closed_on_invalid_inventory_or_binding[size] PASSED [ 28%]
tests/test_p4_package.py::test_package_fails_closed_on_invalid_inventory_or_binding[hash] PASSED [ 28%]
tests/test_p4_package.py::test_package_fails_closed_on_invalid_inventory_or_binding[missing] PASSED [ 28%]
tests/test_p4_package.py::test_package_fails_closed_on_invalid_inventory_or_binding[escape] PASSED [ 29%]
tests/test_p4_package.py::test_package_fails_closed_on_invalid_inventory_or_binding[duplicate] PASSED [ 29%]
tests/test_p4_package.py::test_package_fails_closed_on_invalid_inventory_or_binding[binding] PASSED [ 29%]
tests/test_p4_package.py::test_package_fails_closed_on_invalid_inventory_or_binding[snapshot] PASSED [ 29%]
tests/test_p4_package.py::test_package_fails_closed_on_invalid_inventory_or_binding[symlink] SKIPPED [ 29%]
tests/test_p4_package.py::test_package_fails_closed_on_invalid_inventory_or_binding[directory] PASSED [ 30%]
tests/test_p4_package.py::test_fetch_facade_verifies_package_snapshot_audit_before_network PASSED [ 30%]
tests/test_p4_package.py::test_snapshot_metadata_presence_uses_flags_not_size[True-1-2] PASSED [ 30%]
tests/test_p4_package.py::test_snapshot_metadata_presence_uses_flags_not_size[False-0-0] PASSED [ 30%]
tests/test_p4_package.py::test_snapshot_metadata_presence_uses_flags_not_size[True-1-0] PASSED [ 30%]
tests/test_p4_package.py::test_snapshot_metadata_presence_uses_flags_not_size[True-0-0] PASSED [ 30%]
tests/test_p4_package.py::test_snapshot_metadata_presence_uses_flags_not_size[False-1-0] PASSED [ 31%]
tests/test_p4_package.py::test_real_package_chain_rejects_disconnected_inputs[durable_all_removed] PASSED [ 31%]
tests/test_p4_package.py::test_real_package_chain_rejects_disconnected_inputs[durable_fragment_removed] PASSED [ 31%]
tests/test_p4_package.py::test_real_package_chain_rejects_disconnected_inputs[config_changed] PASSED [ 31%]
tests/test_p4_package.py::test_real_package_chain_rejects_disconnected_inputs[audit_member_changed] PASSED [ 31%]
tests/test_p4_package.py::test_real_package_chain_rejects_disconnected_inputs[binding_extra] PASSED [ 32%]
tests/test_p4_package.py::test_real_package_chain_rejects_disconnected_inputs[runtime_source_changed] PASSED [ 32%]
tests/test_p4_package.py::test_real_package_chain_verified_consistent PASSED [ 32%]
tests/test_p4_package.py::test_audit_image_digest_mutation_rehashed_inventory_refused_before_network PASSED [ 32%]
tests/test_p4_package.py::test_oversized_rehashed_durable_input_refused_before_p2_parser PASSED [ 32%]
tests/test_p4_package.py::test_oversized_rehashed_commit_refused_before_p2_parser_by_load_and_publish PASSED [ 33%]
tests/test_p4_package.py::test_runtime_location_cross_object_or_out_of_range_rehashed_refused[1] PASSED [ 33%]
tests/test_p4_package.py::test_runtime_location_cross_object_or_out_of_range_rehashed_refused[999999] PASSED [ 33%]
tests/test_p4_package.py::test_production_fetch_four_entrypoints_block_before_network_or_output PASSED [ 33%]
tests/test_p4_package.py::test_present_zero_length_metadata_writes_empty_file_without_second_http PASSED [ 33%]
tests/test_p4_package.py::test_legacy_object_cannot_be_silently_rebound PASSED [ 34%]
tests/test_p4_provider.py::test_official_dataset_routes_are_guarded_and_pinned PASSED [ 34%]
tests/test_p4_provider.py::test_fail_closed_on_invalid_remote_listing[bad0] PASSED [ 34%]
tests/test_p4_provider.py::test_fail_closed_on_invalid_remote_listing[bad1] PASSED [ 34%]
tests/test_p4_provider.py::test_fail_closed_on_invalid_remote_listing[bad2] PASSED [ 34%]
tests/test_p4_provider.py::test_fail_closed_on_invalid_remote_listing[bad3] PASSED [ 34%]
tests/test_p4_provider.py::test_fail_closed_on_invalid_remote_listing[bad4] PASSED [ 35%]
tests/test_p4_provider.py::test_malformed_revision_lists_are_redacted[None] PASSED [ 35%]
tests/test_p4_provider.py::test_malformed_revision_lists_are_redacted[not-a-list] PASSED [ 35%]
tests/test_p4_provider.py::test_malformed_revision_lists_are_redacted[bad2] PASSED [ 35%]
tests/test_p4_provider.py::test_malformed_revision_lists_are_redacted[7] PASSED [ 35%]
tests/test_p4_provider.py::test_malformed_metadata_and_endpoint_never_expose_signed_url PASSED [ 36%]
tests/test_p4_provider.py::test_short_page_without_declared_total_never_claims_complete PASSED [ 36%]
tests/test_p4_provider.py::test_declared_total_mismatch_rejected PASSED  [ 36%]
tests/test_p4_provider.py::test_tree_paths_cannot_duplicate_or_conflict_with_blob[kinds0] PASSED [ 36%]
tests/test_p4_provider.py::test_tree_paths_cannot_duplicate_or_conflict_with_blob[kinds1] PASSED [ 36%]
tests/test_p4_provider.py::test_cross_page_tree_duplicate_and_changed_total_refused PASSED [ 37%]
tests/test_p4_provider.py::test_inspect_result_cap_stops_before_listing_entire_remote_repository PASSED [ 37%]
tests/test_p4_provider.py::test_duplicate_path_fails_and_metadata_does_not_claim_completion PASSED [ 37%]
tests/test_p4_retrieval_faults.py::test_failed_hash_never_publishes_partial_sample_and_keeps_unknown_inflight PASSED [ 37%]
tests/test_p4_retrieval_faults.py::test_bounded_worker_failure_awaits_running_workers_without_pending_payload PASSED [ 37%]
tests/test_p4_tar_faults.py::test_compressed_disguise_and_malformed_tar_never_publish[\x1f\x8b\x08\x00\xb4x\xbcj\x02\xffKT(\xae\xcc+\xc9H-\xc9LV\x08q\x0c\xd2\xcd\xc9\xcf\xcf\xce\xccKW(H\xac\xcc\xc9OL\x01\x00\xd7\xac^ \x1f\x00\x00\x00] PASSED [ 38%]
tests/test_p4_tar_faults.py::test_compressed_disguise_and_malformed_tar_never_publish[NOT_A_TAR_HEADER\x00\x00\x00\x00\x00\x00\x00\x00\x00\x00\x00\x00\x00\x00\x00\x00\x00\x00\x00\x00\x00\x00\x00\x00\x00\x00\x00\x00\x00\x00\x00\x00\x00\x00\x00\x00\x00\x00\x00\x00\x00\x00\x00\x00\x00\x00\x00\x00\x00\x00\x00\x00\x00\x00\x00\x00\x00\x00\x00\x00\x00\x00\x00\x00\x00\x00\x00\x00\x00\x00\x00\x00\x00\x00\x00\x00\x00\x00\x00\x00\x00\x00\x00\x00\x00\x00\x00\x00\x00\x00\x00\x00\x00\x00\x00\x00\x00\x00\x00\x00\x00\x00\x00\x00\x00\x00\x00\x00\x00\x00\x00\x00\x00\x00\x00\x00\x00\x00\x00\x00\x00\x00\x00\x00\x00\x00\x00\x00\x00\x00\x00\x00\x00\x00\x00\x00\x00\x00\x00\x00\x00\x00\x00\x00\x00\x00\x00\x00\x00\x00\x00\x00\x00\x00\x00\x00\x00\x00\x00\x00\x00\x00\x00\x00\x00\x00\x00\x00\x00\x00\x00\x00\x00\x00\x00\x00\x00\x00\x00\x00\x00\x00\x00\x00\x00\x00\x00\x00\x00\x00\x00\x00\x00\x00\x00\x00\x00\x00\x00\x00\x00\x00\x00\x00\x00\x00\x00\x00\x00\x00\x00\x00\x00\x00\x00\x00\x00\x00\x00\x00\x00\x00\x00\x00\x00\x00\x00\x00\x00\x00\x00\x00\x00\x00\x00\x00\x00\x00\x00\x00\x00\x00\x00\x00\x00\x00\x00\x00\x00\x00\x00\x00\x00\x00\x00\x00\x00\x00\x00\x00\x00\x00\x00\x00\x00\x00\x00\x00\x00\x00\x00\x00\x00\x00\x00\x00\x00\x00\x00\x00\x00\x00\x00\x00\x00\x00\x00\x00\x00\x00\x00\x00\x00\x00\x00\x00\x00\x00\x00\x00\x00\x00\x00\x00\x00\x00\x00\x00\x00\x00\x00\x00\x00\x00\x00\x00\x00\x00\x00\x00\x00\x00\x00\x00\x00\x00\x00\x00\x00\x00\x00\x00\x00\x00\x00\x00\x00\x00\x00\x00\x00\x00\x00\x00\x00\x00\x00\x00\x00\x00\x00\x00\x00\x00\x00\x00\x00\x00\x00\x00\x00\x00\x00\x00\x00\x00\x00\x00\x00\x00\x00\x00\x00\x00\x00\x00\x00\x00\x00\x00\x00\x00\x00\x00\x00\x00\x00\x00\x00\x00\x00\x00\x00\x00\x00\x00\x00\x00\x00\x00\x00\x00\x00\x00\x00\x00\x00\x00\x00\x00\x00\x00\x00\x00\x00\x00\x00\x00\x00\x00\x00\x00\x00\x00\x00\x00\x00\x00\x00\x00\x00\x00\x00\x00\x00\x00\x00\x00\x00\x00\x00\x00\x00\x00\x00\x00\x00\x00\x00\x00\x00\x00\x00\x00\x00\x00\x00\x00\x00\x00\x00\x00\x00\x00\x00\x00\x00\x00\x00\x00\x00\x00\x00\x00\x00\x00\x00\x00\x00\x00\x00\x00\x00\x00\x00\x00\x00\x00\x00\x00\x00\x00\x00\x00\x00\x00\x00\x00\x00\x00\x00\x00\x00\x00\x00\x00\x00\x00\x00\x00\x00\x00\x00\x00\x00\x00\x00\x00\x00\x00\x00\x00\x00\x00\x00\x00\x00\x00\x00\x00\x00\x00\x00\x00\x00\x00\x00\x00\x00\x00\x00\x00\x00\x00\x00\x00\x00\x00\x00\x00\x00\x00\x00\x00\x00\x00\x00\x00\x00\x00\x00\x00\x00\x00\x00\x00\x00\x00\x00\x00\x00\x00\x00\x00\x00\x00\x00\x00\x00\x00\x00\x00\x00\x00\x00\x00\x00\x00\x00\x00\x00\x00\x00\x00\x00\x00\x00\x00\x00\x00\x00\x00\x00\x00\x00\x00\x00\x00\x00\x00\x00\x00\x00\x00\x00\x00\x00\x00\x00\x00\x00\x00\x00\x00\x00\x00\x00\x00\x00\x00\x00\x00\x00\x00\x00\x00\x00\x00\x00\x00\x00\x00\x00\x00\x00\x00\x00\x00\x00\x00\x00\x00\x00\x00\x00\x00\x00\x00\x00\x00\x00\x00\x00\x00\x00\x00\x00\x00\x00\x00\x00\x00\x00\x00\x00\x00\x00\x00\x00\x00\x00\x00\x00\x00\x00\x00\x00\x00\x00\x00\x00\x00\x00\x00\x00\x00\x00\x00\x00\x00\x00\x00\x00\x00\x00\x00\x00\x00\x00\x00\x00\x00\x00\x00\x00\x00\x00\x00\x00\x00\x00\x00\x00\x00\x00\x00\x00\x00\x00\x00\x00\x00\x00\x00\x00\x00\x00\x00\x00\x00\x00\x00\x00\x00\x00\x00\x00\x00\x00\x00\x00\x00\x00\x00\x00\x00\x00\x00\x00\x00\x00\x00\x00\x00\x00\x00\x00\x00\x00\x00\x00\x00\x00\x00\x00\x00\x00\x00\x00\x00\x00\x00\x00\x00\x00\x00\x00\x00\x00\x00\x00\x00\x00\x00\x00\x00\x00\x00\x00\x00\x00\x00\x00\x00\x00\x00\x00\x00\x00\x00\x00\x00\x00\x00\x00\x00\x00\x00\x00\x00\x00\x00\x00\x00\x00\x00\x00\x00\x00\x00\x00\x00\x00\x00\x00\x00\x00\x00\x00\x00\x00\x00\x00\x00\x00\x00\x00\x00\x00\x00\x00\x00\x00\x00\x00\x00\x00\x00\x00\x00\x00\x00\x00\x00\x00\x00\x00\x00\x00\x00\x00\x00\x00\x00\x00\x00\x00\x00\x00\x00\x00\x00\x00\x00\x00\x00\x00\x00\x00\x00\x00\x00\x00\x00\x00\x00\x00\x00\x00\x00\x00\x00\x00\x00\x00\x00\x00\x00\x00\x00\x00\x00\x00\x00\x00\x00\x00\x00\x00\x00\x00\x00\x00\x00\x00\x00\x00\x00\x00\x00\x00\x00\x00\x00\x00\x00\x00\x00\x00\x00\x00\x00\x00\x00\x00\x00\x00\x00\x00\x00\x00\x00\x00\x00\x00\x00\x00\x00\x00\x00\x00\x00\x00\x00\x00\x00\x00\x00\x00\x00\x00\x00\x00\x00\x00\x00\x00\x00\x00\x00\x00\x00\x00\x00\x00\x00\x00\x00\x00\x00\x00\x00\x00\x00\x00\x00\x00\x00\x00\x00\x00\x00\x00\x00\x00\x00\x00\x00\x00\x00\x00\x00\x00\x00\x00\x00\x00\x00\x00\x00\x00\x00\x00\x00] PASSED [ 38%]
tests/test_p4_tar_faults.py::test_tar_checksum_tampering_does_not_publish PASSED [ 38%]
tests/test_p4_token_bootstrap.py::test_isolated_runpy_executes_real_offline_cli_with_synthetic_token PASSED [ 38%]
tests/test_p4_token_bootstrap.py::test_invalid_synthetic_token_stops_before_cli_or_http[] PASSED [ 38%]
tests/test_p4_token_bootstrap.py::test_invalid_synthetic_token_stops_before_cli_or_http[name: secret] PASSED [ 39%]
tests/test_p4_token_bootstrap.py::test_invalid_synthetic_token_stops_before_cli_or_http[token with space] PASSED [ 39%]
tests/test_p4_token_bootstrap.py::test_invalid_synthetic_token_stops_before_cli_or_http[first\nsecond] PASSED [ 39%]
tests/test_p4_token_bootstrap.py::test_invalid_synthetic_token_stops_before_cli_or_http[{"token":"secret"}] PASSED [ 39%]
tests/test_p4_token_bootstrap.py::test_invalid_synthetic_token_stops_before_cli_or_http[KEY=VALUE] PASSED [ 39%]
tests/test_p4_token_bootstrap.py::test_invalid_synthetic_token_stops_before_cli_or_http[abc\x00def] PASSED [ 39%]
tests/test_p4_token_bootstrap.py::test_isolated_wrapper_never_prints_unknown_exit_or_interrupt[noninteger_exit] PASSED [ 40%]
tests/test_p4_token_bootstrap.py::test_isolated_wrapper_never_prints_unknown_exit_or_interrupt[interrupt] PASSED [ 40%]
tests/test_p4_token_bootstrap.py::test_production_main_guards_profile_before_loading_token[good] PASSED [ 40%]
tests/test_p4_token_bootstrap.py::test_production_main_guards_profile_before_loading_token[revision] PASSED [ 40%]
tests/test_p4_token_bootstrap.py::test_production_main_guards_profile_before_loading_token[repo] PASSED [ 40%]
tests/test_p4_token_bootstrap.py::test_production_main_guards_profile_before_loading_token[endpoint] PASSED [ 41%]
tests/test_p4_token_bootstrap.py::test_production_main_guards_profile_before_loading_token[trusted_hosts] PASSED [ 41%]
tests/test_p4_token_bootstrap.py::test_production_main_guards_profile_before_loading_token[root] PASSED [ 41%]
tests/test_p4_token_bootstrap.py::test_production_main_guards_profile_before_loading_token[bad_type] PASSED [ 41%]
tests/test_p4_token_bootstrap.py::test_production_main_guards_profile_before_loading_token[bad_json] PASSED [ 41%]
tests/test_p4_token_bootstrap.py::test_production_main_guards_profile_before_loading_token[oversized] PASSED [ 42%]
tests/test_p4_token_bootstrap.py::test_production_main_guards_profile_before_loading_token[config_link] PASSED [ 42%]
tests/test_p4_token_bootstrap.py::test_production_main_guards_profile_before_loading_token[output_link] PASSED [ 42%]
tests/test_p4_token_bootstrap.py::test_production_main_guards_profile_before_loading_token[existing_output] PASSED [ 42%]
tests/test_p4_token_bootstrap.py::test_production_main_guards_profile_before_loading_token[outside_output] PASSED [ 42%]
tests/test_p4_token_bootstrap.py::test_production_main_guards_profile_before_loading_token[outside_config] PASSED [ 43%]
tests/test_p4_token_bootstrap.py::test_production_main_guards_profile_before_loading_token[directory_config] PASSED [ 43%]
tests/test_p4_token_bootstrap.py::test_synthetic_origin_token_never_flows_to_trusted_redirect PASSED [ 43%]
tests/test_p4_transport.py::test_atomic_sample_retrieval_merged_and_separate[False-False] PASSED [ 43%]
tests/test_p4_transport.py::test_atomic_sample_retrieval_merged_and_separate[False-True] PASSED [ 43%]
tests/test_p4_transport.py::test_atomic_sample_retrieval_merged_and_separate[True-False] PASSED [ 43%]
tests/test_p4_transport.py::test_atomic_sample_retrieval_merged_and_separate[True-True] PASSED [ 44%]
tests/test_p4_transport.py::test_corrupt_member_hash_never_delivers_partial_pair PASSED [ 44%]
tests/test_p4_transport.py::test_bounded_workers_only_return_paths_no_pending_payload[1] PASSED [ 44%]
tests/test_p4_transport.py::test_bounded_workers_only_return_paths_no_pending_payload[4] PASSED [ 44%]
tests/test_p4_transport.py::test_bounded_workers_only_return_paths_no_pending_payload[8] PASSED [ 44%]
tests/test_p4_transport.py::test_range_ownership_ack_holds_and_releases_inflight PASSED [ 45%]
tests/test_p4_transport.py::test_correct_ranges_and_zero_no_network PASSED [ 45%]
tests/test_p4_transport.py::test_refuse_bad_range_without_full_download[ignore] PASSED [ 45%]
tests/test_p4_transport.py::test_refuse_bad_range_without_full_download[wrong-cr] PASSED [ 45%]
tests/test_p4_transport.py::test_refuse_bad_range_without_full_download[no-cr] PASSED [ 45%]
tests/test_p4_transport.py::test_refuse_bad_range_without_full_download[short] PASSED [ 46%]
tests/test_p4_transport.py::test_refuse_bad_range_without_full_download[overlong] PASSED [ 46%]
tests/test_p4_transport.py::test_refuse_bad_range_without_full_download[encode] PASSED [ 46%]
tests/test_p4_transport.py::test_refuse_bad_range_without_full_download[multipart] PASSED [ 46%]
tests/test_p4_transport.py::test_refuse_bad_range_without_full_download[changed] PASSED [ 46%]
tests/test_p4_transport.py::test_redirect_and_retry_share_attempt_ceiling PASSED [ 47%]
tests/test_p4_transport.py::test_retry_and_redirect_share_one_three_attempt_ceiling PASSED [ 47%]
tests/test_p4_transport.py::test_auth_401_403_single_attempt_and_redacted_socket_exception PASSED [ 47%]
tests/test_p4_transport.py::test_approved_cross_host_strips_auth PASSED  [ 47%]
tests/test_p4_transport.py::test_production_credentials_on_origin_and_redirects_without_socket PASSED [ 47%]
tests/test_p4_transport.py::test_untrusted_redirect_never_leaks_signed_url_or_token PASSED [ 47%]
tests/test_p4_transport.py::test_stage_single_stream_hashes_raw_tar_and_member_extents PASSED [ 48%]
tests/test_p4_transport.py::test_staged_remote_v4_compiles_original_p3_and_queries PASSED [ 48%]
tests/test_p4_transport.py::test_real_p2_p3_package_builder_and_audit_roundtrip_offline PASSED [ 48%]
tests/test_p4_transport.py::test_cli_bootstrap_revisions_then_select_candidate_offline PASSED [ 48%]
tests/test_p4_transport.py::test_production_scan_build_package_block_before_any_http_or_artifact PASSED [ 48%]
tests/test_p4_transport.py::test_offline_mode_external_initial_redirect_ledger_and_proxy_denial PASSED [ 49%]
tests/test_p4_transport.py::test_record_cap_aborts_without_marker_and_without_finishing_tail PASSED [ 49%]
tests/test_p4_transport.py::test_stage_rejects_link_and_preserves_no_completed_marker PASSED [ 49%]
tests/test_p4_transport.py::test_stage_accepts_pax_long_member_with_true_raw_extent[2] PASSED [ 49%]
tests/test_p4_transport.py::test_stage_accepts_pax_long_member_with_true_raw_extent[1] PASSED [ 49%]
tests/test_p4_transport.py::test_stage_refuses_noncontiguous_or_special_tar_member[3] PASSED [ 50%]
tests/test_p4_transport.py::test_stage_refuses_noncontiguous_or_special_tar_member[4] PASSED [ 50%]
tests/test_p4_transport.py::test_stage_refuses_noncontiguous_or_special_tar_member[6] PASSED [ 50%]
tests/test_p4_transport.py::test_stage_refuses_noncontiguous_or_special_tar_member[1] PASSED [ 50%]
tests/test_p4_transport.py::test_stage_refuses_noncontiguous_or_special_tar_member[S] PASSED [ 50%]
tests/test_p4_transport.py::test_full_stream_tarfile_drains_tail_and_charges_once PASSED [ 51%]
tests/test_p4_transport.py::test_full_stream_size_failure_keeps_pending[full-short] PASSED [ 51%]
tests/test_p4_transport.py::test_full_stream_size_failure_keeps_pending[full-overlong] PASSED [ 51%]
tests/test_p4_transport.py::test_provider_metadata_uses_same_transport_and_ledger PASSED [ 51%]
tests/test_p4_transport.py::test_raw_failures_keep_pending_and_cannot_leak_through_context[range-exc0] PASSED [ 51%]
tests/test_p4_transport.py::test_raw_failures_keep_pending_and_cannot_leak_through_context[range-exc1] PASSED [ 52%]
tests/test_p4_transport.py::test_raw_failures_keep_pending_and_cannot_leak_through_context[range-exc2] PASSED [ 52%]
tests/test_p4_transport.py::test_raw_failures_keep_pending_and_cannot_leak_through_context[metadata-exc0] PASSED [ 52%]
tests/test_p4_transport.py::test_raw_failures_keep_pending_and_cannot_leak_through_context[metadata-exc1] PASSED [ 52%]
tests/test_p4_transport.py::test_raw_failures_keep_pending_and_cannot_leak_through_context[metadata-exc2] PASSED [ 52%]
tests/test_p4_transport.py::test_raw_failures_keep_pending_and_cannot_leak_through_context[stream-exc0] PASSED [ 52%]
tests/test_p4_transport.py::test_raw_failures_keep_pending_and_cannot_leak_through_context[stream-exc1] PASSED [ 53%]
tests/test_p4_transport.py::test_raw_failures_keep_pending_and_cannot_leak_through_context[stream-exc2] PASSED [ 53%]
tests/test_p4_transport.py::test_bound_object_repr_and_serialization_hide_signed_url PASSED [ 53%]
tests/test_p4_transport.py::test_condition_proof_persisted_only_for_exact_binding PASSED [ 53%]
tests/test_p4_transport.py::test_validated_if_match_pair_and_ignored_condition_refused PASSED [ 53%]
tests/test_p4_transport.py::test_retry_after_http_date_nonfinite_and_invalid_never_retry_early PASSED [ 54%]
tests/test_p4_transport.py::test_signed_redirect_403_never_refreshes_without_proven_expiry_signal[signed_unknown403-2] PASSED [ 54%]
tests/test_p4_transport.py::test_signed_redirect_403_never_refreshes_without_proven_expiry_signal[signed_permission403-2] PASSED [ 54%]
tests/test_p4_transport.py::test_signed_redirect_403_never_refreshes_without_proven_expiry_signal[signed_quota403-2] PASSED [ 54%]
tests/test_p4_transport.py::test_signed_redirect_403_never_refreshes_without_proven_expiry_signal[direct403-1] PASSED [ 54%]
tests/test_p4_transport.py::test_refresh_origin_requires_one_exact_provider_path_and_pin PASSED [ 55%]
tests/test_p4_transport.py::test_metadata_header_rejection_reports_known_status_without_body[auth401-401] PASSED [ 55%]
tests/test_p4_transport.py::test_metadata_header_rejection_reports_known_status_without_body[auth403-403] PASSED [ 55%]
tests/test_p4_transport.py::test_metadata_uses_same_ledger PASSED        [ 55%]
tests/test_publish_resume_safety.py::test_invalid_staging_is_never_repaired[False-ready] PASSED [ 55%]
tests/test_publish_resume_safety.py::test_invalid_staging_is_never_repaired[False-hash] PASSED [ 56%]
tests/test_publish_resume_safety.py::test_invalid_staging_is_never_repaired[False-schema] PASSED [ 56%]
tests/test_publish_resume_safety.py::test_invalid_staging_is_never_repaired[False-path] PASSED [ 56%]
tests/test_publish_resume_safety.py::test_invalid_staging_is_never_repaired[False-extra] PASSED [ 56%]
tests/test_publish_resume_safety.py::test_invalid_staging_is_never_repaired[True-ready] PASSED [ 56%]
tests/test_publish_resume_safety.py::test_invalid_staging_is_never_repaired[True-hash] PASSED [ 56%]
tests/test_publish_resume_safety.py::test_invalid_staging_is_never_repaired[True-schema] PASSED [ 57%]
tests/test_publish_resume_safety.py::test_invalid_staging_is_never_repaired[True-path] PASSED [ 57%]
tests/test_publish_resume_safety.py::test_invalid_staging_is_never_repaired[True-extra] PASSED [ 57%]
tests/test_publish_resume_safety.py::test_public_open_cannot_override_directory_identity PASSED [ 57%]
tests/test_publish_resume_safety.py::test_entry_audit_precedes_any_external_read[READY] PASSED [ 57%]
tests/test_publish_resume_safety.py::test_entry_audit_precedes_any_external_read[OWNER.json] PASSED [ 58%]
tests/test_publish_resume_safety.py::test_entry_audit_precedes_any_external_read[SNAPSHOT.json] PASSED [ 58%]
tests/test_publish_resume_safety.py::test_entry_audit_precedes_any_external_read[catalog.sqlite] PASSED [ 58%]
tests/test_publish_resume_safety.py::test_resume_full_verify_and_byte_identity PASSED [ 58%]
tests/test_query.py::test_query_round_trip PASSED                        [ 58%]
tests/test_query.py::test_query_validation_rejects_invalid_specs[bad0] PASSED [ 59%]
tests/test_query.py::test_query_validation_rejects_invalid_specs[bad1] PASSED [ 59%]
tests/test_query.py::test_query_validation_rejects_invalid_specs[bad2] PASSED [ 59%]
tests/test_query.py::test_in_filter_requires_nonempty_list PASSED        [ 59%]
tests/test_r1_bridge.py::test_handshake_reports_protocol_version_and_capabilities PASSED [ 59%]
tests/test_r1_bridge.py::test_protocol_version_mismatch_is_fatal PASSED  [ 60%]
tests/test_r1_bridge.py::test_explicit_binary_path_is_required_without_fallback PASSED [ 60%]
tests/test_r1_bridge.py::test_oversized_line_rejected_and_worker_survives PASSED [ 60%]
tests/test_r1_bridge.py::test_non_utf8_line_rejected_and_worker_survives PASSED [ 60%]
tests/test_r1_bridge.py::test_unknown_fields_are_rejected PASSED         [ 60%]
tests/test_r1_bridge.py::test_duplicate_request_ids_rejected PASSED      [ 60%]
tests/test_r1_bridge.py::test_attempt_limit_exhaustion_refuses_next_reserve PASSED [ 61%]
tests/test_r1_bridge.py::test_cancel_kills_and_waits PASSED              [ 61%]
tests/test_r1_bridge.py::test_cancel_is_immediate_kill_and_wait PASSED   [ 61%]
tests/test_r1_bridge.py::test_stderr_tail_is_bounded PASSED              [ 61%]
tests/test_r1_bridge.py::test_stderr_drain_thread_keeps_last_64kib_on_real_pipe PASSED [ 61%]
tests/test_r1_bridge.py::test_bridge_timeout_on_hung_worker_retains_lease PASSED [ 62%]
tests/test_r1_bridge.py::test_gated_fetch_success_settles PASSED         [ 62%]
tests/test_r1_bridge.py::test_gated_fetch_mid_range_settles PASSED       [ 62%]
tests/test_r1_bridge.py::test_gated_fetch_clean_rejection_settles PASSED [ 62%]
tests/test_r1_bridge.py::test_gated_crash_leaves_lease_pending PASSED    [ 62%]
tests/test_r1_bridge.py::test_restart_sees_durable_pending PASSED        [ 63%]
tests/test_r1_bridge.py::test_python_crash_keeps_durable_lease_pending PASSED [ 63%]
tests/test_r1_bridge.py::test_double_settle_rejected PASSED              [ 63%]
tests/test_r1_bridge.py::test_gated_fetch_without_ledger_refuses PASSED  [ 63%]
tests/test_r1_bridge.py::test_scan_tar_agrees_with_raw_bytes PASSED      [ 63%]
tests/test_r1_bridge.py::test_scan_tar_rejections PASSED                 [ 64%]
tests/test_r1_bridge.py::test_scan_http_tar_matches_file_scan_field_for_field PASSED [ 64%]
tests/test_r1_env_gate.py::test_worker_resolver_explicit_env_is_authoritative PASSED [ 64%]
tests/test_r1_env_gate.py::test_worker_resolver_fallback_only_returns_existing_files PASSED [ 64%]
tests/test_r1_env_gate.py::test_r1_suite_skips_and_reports_without_worker PASSED [ 64%]
tests/test_r1_env_gate.py::test_p4_work_root_is_outside_the_repository PASSED [ 65%]
tests/test_r1_env_gate.py::test_r1_servers_bind_loopback_only PASSED     [ 65%]
tests/test_r1_env_gate.py::test_r1_test_sources_reference_no_external_hosts PASSED [ 65%]
tests/test_r1_env_gate.py::test_r1_work_root_fixtures_are_created_under_p4_root PASSED [ 65%]
tests/test_r1_gate_e_e2e.py::test_rust_scan_drives_p2_p3_rust_fetch PASSED [ 65%]
tests/test_r1_loopback_loop.py::test_scan_p2_p3_rust_fetch_bytes_agree PASSED [ 65%]
tests/test_r1_stdout_backpressure.py::test_slow_consumer_bounded_queue_preserves_order PASSED [ 66%]
tests/test_r1_stdout_backpressure.py::test_shutdown_while_producer_blocked_on_full_queue[cancel] PASSED [ 66%]
tests/test_r1_stdout_backpressure.py::test_shutdown_while_producer_blocked_on_full_queue[close] PASSED [ 66%]
tests/test_r1_stdout_backpressure.py::test_cancel_unblocks_waiting_consumer PASSED [ 66%]
tests/test_r1_stdout_backpressure.py::test_shutdown_releases_blocked_stdin_writer[close] PASSED [ 66%]
tests/test_r1_stdout_backpressure.py::test_shutdown_releases_blocked_stdin_writer[cancel] PASSED [ 67%]
tests/test_r1_stdout_backpressure.py::test_eof_race_delivers_final_queued_line PASSED [ 67%]
tests/test_r1_stdout_backpressure.py::test_eof_reports_exit_without_waiting_for_long_timeout PASSED [ 67%]
tests/test_r1_stdout_backpressure.py::test_oversized_stdout_line_is_bounded_and_cancel_reaps PASSED [ 67%]
tests/test_r1_stdout_backpressure.py::test_failed_constructor_kills_waits_closes_pipes PASSED [ 67%]
tests/test_r1_worker_attempts.py::test_worker_does_not_retry_503[fetch_range] PASSED [ 68%]
tests/test_r1_worker_attempts.py::test_worker_does_not_retry_503[scan_http_tar] PASSED [ 68%]
tests/test_registry.py::test_schema_and_model_registries_reject_duplicates PASSED [ 68%]
tests/test_runtime.py::test_compile_snapshot_and_query PASSED            [ 68%]
tests/test_runtime.py::test_query_unknown_values_raise PASSED            [ 68%]
tests/test_runtime.py::test_ambiguous_record_raises PASSED               [ 69%]
tests/test_runtime.py::test_snapshot_verify_and_corruption PASSED        [ 69%]
tests/test_runtime.py::test_compile_crash_resume PASSED                  [ 69%]
tests/test_runtime.py::test_compile_is_idempotent PASSED                 [ 69%]
tests/test_runtime.py::test_two_input_order_independent PASSED           [ 69%]
tests/test_runtime.py::test_rebuilt_inputs_same_logical_results PASSED   [ 69%]
tests/test_runtime.py::test_duplicate_dataset_names_rejected PASSED      [ 70%]
tests/test_runtime.py::test_cli_runtime PASSED                           [ 70%]
tests/test_runtime.py::test_committed_p2_inventory_and_fingerprint PASSED [ 70%]
tests/test_runtime.py::test_commit_allow_set_is_derived_not_globbered PASSED [ 70%]
tests/test_runtime.py::test_cli_compile_positional_syntax PASSED         [ 70%]
tests/test_runtime.py::test_dual_compile_determinism PASSED              [ 71%]
tests/test_runtime.py::test_tag_category_resolution_and_conflict PASSED  [ 71%]
tests/test_runtime.py::test_multi_origin_union_and_namespace_split PASSED [ 71%]
tests/test_runtime.py::test_multi_dataset_same_source_post PASSED        [ 71%]
tests/test_runtime.py::test_crash_resume_before_catalog PASSED           [ 71%]
tests/test_runtime.py::test_crash_resume_after_catalog_before_bitmaps PASSED [ 72%]
tests/test_runtime.py::test_crash_resume_partial_locations PASSED        [ 72%]
tests/test_runtime.py::test_crash_resume_after_bitmaps PASSED            [ 72%]
tests/test_runtime.py::test_crash_resume_ready_rename PASSED             [ 72%]
tests/test_runtime.py::test_crash_resume_ready_write_after_role_flip PASSED [ 72%]
tests/test_runtime.py::test_ready_snapshot_is_reused PASSED              [ 73%]
tests/test_runtime.py::test_fresh_process_open_and_query PASSED          [ 73%]
tests/test_runtime.py::test_catalog_query_plans_use_indexes PASSED       [ 73%]
tests/test_runtime.py::test_not_semantics_states PASSED                  [ 73%]
tests/test_runtime.py::test_rids_are_canonical_and_bounded PASSED        [ 73%]
tests/test_runtime.py::test_rid_capacity_accepts_boundary_counts_without_allocation[4294967295] PASSED [ 73%]
tests/test_runtime.py::test_rid_capacity_accepts_boundary_counts_without_allocation[4294967296] PASSED [ 74%]
tests/test_runtime.py::test_rid_capacity_rejects_overflow_and_negative[4294967297] PASSED [ 74%]
tests/test_runtime.py::test_rid_capacity_rejects_overflow_and_negative[-4294967296] PASSED [ 74%]
tests/test_runtime.py::test_assign_rids_checks_capacity_before_sorting PASSED [ 74%]
tests/test_runtime.py::test_load_p2_inventory_accepts_str_and_mixed_paths PASSED [ 74%]
tests/test_runtime_differential.py::test_random_differential_reference_matches_bitmaps PASSED [ 75%]
tests/test_runtime_remediation.py::test_locations_payload_tamper_only_full_verify PASSED [ 75%]
tests/test_runtime_remediation.py::test_whole_file_swap_same_shape_rejected PASSED [ 75%]
tests/test_runtime_remediation.py::test_explicit_snapshot_dir_open PASSED [ 75%]
tests/test_runtime_remediation.py::test_keyword_query_entry_and_len_and_object_ref PASSED [ 75%]
tests/test_runtime_remediation.py::test_record_batches_carry_names PASSED [ 76%]
tests/test_runtime_remediation.py::test_bare_unknown_namespace_errors PASSED [ 76%]
tests/test_runtime_remediation.py::test_planner_short_circuits_on_stored_cardinality PASSED [ 76%]
tests/test_runtime_remediation.py::test_byte_lru_oversized_and_budget PASSED [ 76%]
tests/test_runtime_remediation.py::test_byte_lru_32mib_real_eviction PASSED [ 76%]
tests/test_runtime_remediation.py::test_default_cache_budget_is_256mib PASSED [ 77%]
tests/test_runtime_remediation.py::test_streaming_hash_parity PASSED     [ 77%]
tests/test_runtime_remediation.py::test_uint64_offsets_and_metadata_presence PASSED [ 77%]
tests/test_runtime_remediation.py::test_inventory_rejects_stray_files PASSED [ 77%]
tests/test_runtime_remediation.py::test_inventory_rejects_row_ownership_violation PASSED [ 77%]
tests/test_runtime_remediation.py::test_synthetic_p2_follows_real_contract PASSED [ 78%]
tests/test_runtime_remediation.py::test_created_at_does_not_change_snapshot_id PASSED [ 78%]
tests/test_runtime_remediation.py::test_ready_reuse_validated_and_current_repaired PASSED [ 78%]
tests/test_runtime_remediation.py::test_same_id_staging_without_marker_fail_closed PASSED [ 78%]
tests/test_runtime_remediation.py::test_same_id_staging_forced_marker_fail_closed PASSED [ 78%]
tests/test_runtime_remediation.py::test_unowned_snapshot_dir_never_deleted PASSED [ 78%]
tests/test_runtime_remediation.py::test_staging_ownership_respected PASSED [ 79%]
tests/test_runtime_remediation.py::test_cli_spec_and_flags PASSED        [ 79%]
tests/test_runtime_remediation.py::test_planner_source_dataset_cardinality_order PASSED [ 79%]
tests/test_runtime_remediation.py::test_real_runtime_eviction_correctness PASSED [ 79%]
tests/test_runtime_remediation.py::test_staging_audit_rejects_directory_named_like_known_file PASSED [ 79%]
tests/test_runtime_remediation.py::test_staging_audit_rejects_symlink_entry SKIPPED [ 80%]
tests/test_runtime_remediation.py::test_runtime_root_symlink_refused PASSED [ 80%]
tests/test_runtime_remediation.py::test_staging_audit_rejects_junction_entry PASSED [ 80%]
tests/test_runtime_remediation.py::test_published_markers_completed_before_rename PASSED [ 80%]
tests/test_runtime_remediation.py::test_rename_failure_auto_recovers PASSED [ 80%]
tests/test_runtime_remediation.py::test_corrupted_published_staging_refused_and_preserved PASSED [ 81%]
tests/test_runtime_remediation.py::test_real_32mib_runtime_roaring_eviction PASSED [ 81%]
tests/test_runtime_remediation.py::test_big32_corpus_maps_are_inverses PASSED [ 81%]
tests/test_rust_index_audit.py::test_size_mismatch_rejected PASSED       [ 81%]
tests/test_rust_index_audit.py::test_whole_sha_mismatch_rejected PASSED  [ 81%]
tests/test_rust_index_audit.py::test_duplicate_member_path_rejected PASSED [ 82%]
tests/test_rust_index_audit.py::test_unaligned_extent_rejected PASSED    [ 82%]
tests/test_rust_index_audit.py::test_extent_out_of_bounds_rejected PASSED [ 82%]
tests/test_rust_index_audit.py::test_member_sha_mismatch_rejected PASSED [ 82%]
tests/test_rust_index_audit.py::test_empty_member_payload_rejected PASSED [ 82%]
tests/test_rust_index_audit.py::test_unparsable_json_rejected PASSED     [ 82%]
tests/test_rust_index_audit.py::test_oversized_json_rejected PASSED      [ 83%]
tests/test_rust_index_audit.py::test_valid_report_stages_and_marker_is_exact PASSED [ 83%]
tests/test_rust_index_audit.py::test_failed_audit_leaves_no_marker_and_settles_lease PASSED [ 83%]
tests/test_schema.py::test_rows_to_table_preserves_schema_and_values PASSED [ 83%]
tests/test_schema.py::test_rows_to_table_rejects_unknown_and_missing_fields PASSED [ 83%]
tests/test_schema.py::test_custom_schema PASSED                          [ 84%]
tests/test_p4_two_hop.py::test_location_gate_accepts_clean_signed_location PASSED [ 84%]
tests/test_p4_two_hop.py::test_location_gate_approved_host_is_per_observation PASSED [ 84%]
tests/test_p4_two_hop.py::test_location_gate_rejects_structure_altering_escapes[https://a-b-c.modelscope.cn/abc%41bc] PASSED [ 84%]
tests/test_p4_two_hop.py::test_location_gate_rejects_structure_altering_escapes[https://a-b-c.modelscope.cn/a%2Fb] PASSED [ 84%]
tests/test_p4_two_hop.py::test_location_gate_rejects_structure_altering_escapes[https://a-b-c.modelscope.cn/f%3Fq=1] PASSED [ 85%]
tests/test_p4_two_hop.py::test_location_gate_rejects_structure_altering_escapes[https://a-b-c.modelscope.cn/f%23frag] PASSED [ 85%]
tests/test_p4_two_hop.py::test_location_gate_rejects_structure_altering_escapes[https://a-b-c.modelscope.cn/f?sig=%40x] PASSED [ 85%]
tests/test_p4_two_hop.py::test_location_gate_rejects_structure_altering_escapes[https://a-b-c.modelscope.cn/f?sig=%2541] PASSED [ 85%]
tests/test_p4_two_hop.py::test_location_gate_rejects_structure_altering_escapes[https://a-b-c.modelscope.cn/f?sig=a%20b] PASSED [ 85%]
tests/test_p4_two_hop.py::test_location_gate_rejects_structure_altering_escapes[https://a-b-c.modelscope.cn/f?sig=a%3Bx] PASSED [ 86%]
tests/test_p4_two_hop.py::test_location_gate_rejects_structure_altering_escapes[https://a-b-c.modelscope.cn/f?sig=a%24x] PASSED [ 86%]
tests/test_p4_two_hop.py::test_location_gate_rejects_structure_altering_escapes[https://a-b-c.modelscope.cn/f?sig=a%22x] PASSED [ 86%]
tests/test_p4_two_hop.py::test_location_gate_allows_known_signed_query_encodings PASSED [ 86%]
tests/test_p4_two_hop.py::test_location_gate_query_escapes_cannot_change_structure PASSED [ 86%]
tests/test_p4_two_hop.py::test_location_gate_rejects_malformed_or_ambiguous[https://cdn-lfs-cn-1.modelscope.cn/f?Signature=a+b] PASSED [ 86%]
tests/test_p4_two_hop.py::test_location_gate_rejects_malformed_or_ambiguous[https://127.0.0.1/f?Signature=ab019] PASSED [ 87%]
tests/test_p4_two_hop.py::test_location_gate_rejects_malformed_or_ambiguous[https://user:pw@cdn-x-y.modelscope.cn/f] PASSED [ 87%]
tests/test_p4_two_hop.py::test_location_gate_rejects_malformed_or_ambiguous[https://cdn-x-y.modelscope.cn/f#frag] PASSED [ 87%]
tests/test_p4_two_hop.py::test_location_gate_rejects_malformed_or_ambiguous[https://cdn-x-y.modelscope.cn:8443/f] PASSED [ 87%]
tests/test_p4_two_hop.py::test_location_gate_rejects_malformed_or_ambiguous[https://cdn-x-y.modelscope.cn/%00] PASSED [ 87%]
tests/test_p4_two_hop.py::test_location_gate_rejects_malformed_or_ambiguous[https://cdn-x-y.modelscope.cn/f?Signature=AB%] PASSED [ 88%]
tests/test_p4_two_hop.py::test_location_gate_rejects_malformed_or_ambiguous[https://cdn-x-y.modelscope.cn/f?Signature=AB%ZZ] PASSED [ 88%]
tests/test_p4_two_hop.py::test_location_gate_rejects_malformed_or_ambiguous[http://cdn-x-y.modelscope.cn/f] PASSED [ 88%]
tests/test_p4_two_hop.py::test_location_gate_rejects_malformed_or_ambiguous[https://cdn_x-y.modelscope.cn/f] PASSED [ 88%]
tests/test_p4_two_hop.py::test_location_gate_length_cap PASSED           [ 88%]
tests/test_p4_two_hop.py::test_location_gate_rejects_raw_token_echo PASSED [ 89%]
tests/test_p4_two_hop.py::test_etag_echo_check PASSED                    [ 89%]
tests/test_p4_two_hop.py::test_v2_key_domain_disjoint_from_legacy PASSED [ 89%]
tests/test_p4_two_hop.py::test_record_schema_fail_closed PASSED          [ 89%]
tests/test_p4_two_hop.py::test_same_origin_cookie_attachment_rules PASSED [ 89%]
tests/test_p4_two_hop.py::test_offline_rejects_credential_bearing_transport PASSED [ 90%]
tests/test_p4_two_hop.py::test_list_files_maps_totalcount_field PASSED   [ 90%]
tests/test_p4_two_hop.py::test_list_files_rejects_disagreeing_totals PASSED [ 90%]
tests/test_p4_two_hop.py::test_range_probe_binds_tree_entry_identity PASSED [ 90%]
tests/test_p4_two_hop.py::test_range_probe_rejects_unbound_or_malformed_entries PASSED [ 90%]
tests/test_p4_two_hop.py::test_record_probe_proof_uses_only_bound_identity PASSED [ 91%]
tests/test_p4_two_hop.py::test_proof_key_is_sensitive_to_object_identity PASSED [ 91%]
tests/test_p4_two_hop.py::test_two_hop_proof_stores_in_v2_domain PASSED  [ 91%]
tests/test_p4_two_hop.py::test_v2_proof_cross_host_and_cross_profile_never_share_key PASSED [ 91%]
tests/test_p4_two_hop.py::test_v2_proof_requires_full_business_identity PASSED [ 91%]
tests/test_p4_two_hop.py::test_v2_record_validation_binds_identity_and_profile PASSED [ 91%]
tests/test_p4_two_hop.py::test_two_hop_success_on_loopback PASSED        [ 92%]
tests/test_p4_two_hop.py::test_two_hop_range_has_no_external_host_injection PASSED [ 92%]
tests/test_p4_two_hop.py::test_two_hop_clone_carries_no_host_policy PASSED [ 92%]
tests/test_p4_two_hop.py::test_two_hop_rejects_size_mismatch_and_retains_nothing_unknown PASSED [ 92%]
tests/test_p4_two_hop.py::test_two_hop_cdn_must_be_credential_free PASSED [ 92%]
tests/test_p4_two_hop.py::test_parse_repository_accepts_runtime_owner_name[leafmoone/game_cg_5M] PASSED [ 93%]
tests/test_p4_two_hop.py::test_parse_repository_accepts_runtime_owner_name[leafmoone/konachan_full] PASSED [ 93%]
tests/test_p4_two_hop.py::test_parse_repository_accepts_runtime_owner_name[owner2/dataset-name_v2] PASSED [ 93%]
tests/test_p4_two_hop.py::test_parse_repository_accepts_runtime_owner_name[a1/b_2.c-3] PASSED [ 93%]
tests/test_p4_two_hop.py::test_parse_repository_accepts_runtime_owner_name[some_owner.some/some.repo.name] PASSED [ 93%]
tests/test_p4_two_hop.py::test_parse_repository_rejects_invalid_configuration[] PASSED [ 94%]
tests/test_p4_two_hop.py::test_parse_repository_rejects_invalid_configuration[leafmoone] PASSED [ 94%]
tests/test_p4_two_hop.py::test_parse_repository_rejects_invalid_configuration[leafmoone/] PASSED [ 94%]
tests/test_p4_two_hop.py::test_parse_repository_rejects_invalid_configuration[/game_cg_5M] PASSED [ 94%]
tests/test_p4_two_hop.py::test_parse_repository_rejects_invalid_configuration[a/b/c] PASSED [ 94%]
tests/test_p4_two_hop.py::test_parse_repository_rejects_invalid_configuration[a..b/c] PASSED [ 95%]
tests/test_p4_two_hop.py::test_parse_repository_rejects_invalid_configuration[owner/a..b] PASSED [ 95%]
tests/test_p4_two_hop.py::test_parse_repository_rejects_invalid_configuration[..a/b] PASSED [ 95%]
tests/test_p4_two_hop.py::test_parse_repository_rejects_invalid_configuration[a/..] PASSED [ 95%]
tests/test_p4_two_hop.py::test_parse_repository_rejects_invalid_configuration[owner/../name] PASSED [ 95%]
tests/test_p4_two_hop.py::test_parse_repository_rejects_invalid_configuration[.owner/name] PASSED [ 95%]
tests/test_p4_two_hop.py::test_parse_repository_rejects_invalid_configuration[_.owner/name] PASSED [ 96%]
tests/test_p4_two_hop.py::test_parse_repository_rejects_invalid_configuration[owner/-name] PASSED [ 96%]
tests/test_p4_two_hop.py::test_parse_repository_rejects_invalid_configuration[owner/name_] PASSED [ 96%]
tests/test_p4_two_hop.py::test_parse_repository_rejects_invalid_configuration[leaf%2Fmoone/game] PASSED [ 96%]
tests/test_p4_two_hop.py::test_parse_repository_rejects_invalid_configuration[leaf\\moone/game] PASSED [ 96%]
tests/test_p4_two_hop.py::test_parse_repository_rejects_invalid_configuration[leaf moone/game] PASSED [ 97%]
tests/test_p4_two_hop.py::test_parse_repository_rejects_invalid_configuration[leaf\nmoone/game] PASSED [ 97%]
tests/test_p4_two_hop.py::test_parse_repository_rejects_invalid_configuration[leafmoone/game_cg_5M/] PASSED [ 97%]
tests/test_p4_two_hop.py::test_parse_repository_rejects_invalid_configuration[leafmoone/game_cg_5M?Revision=x] PASSED [ 97%]
tests/test_p4_two_hop.py::test_parse_repository_rejects_invalid_configuration[leafmoone/game_cg_5M#f] PASSED [ 97%]
tests/test_p4_two_hop.py::test_parse_repository_rejects_invalid_configuration[xxxxxxxxxxxxxxxxxxxxxxxxxxxxxxxxxxxxxxxxxxxxxxxxxxxxxxxxxxxxxxxxxxxxxxxxxxxxxxxxxxxxxxxxxxxxxxxxxxxxx/y] PASSED [ 98%]
tests/test_p4_two_hop.py::test_parse_repository_rejects_invalid_configuration[o/yyyyyyyyyyyyyyyyyyyyyyyyyyyyyyyyyyyyyyyyyyyyyyyyyyyyyyyyyyyyyyyyyyyyyyyyyyyyyyyyyyyyyyyyyyyyyyyyyyyyy] PASSED [ 98%]
tests/test_p4_two_hop.py::test_parse_repository_rejects_invalid_configuration[123] PASSED [ 98%]
tests/test_p4_two_hop.py::test_parse_repository_rejects_invalid_configuration[None] PASSED [ 98%]
tests/test_p4_two_hop.py::test_parse_repository_rejects_invalid_configuration[bad25] PASSED [ 98%]
tests/test_p4_two_hop.py::test_parse_repository_rejects_consecutive_dots_with_dedicated_diagnostic PASSED [ 99%]
tests/test_p4_two_hop.py::test_v2_key_rejects_malformed_repository_and_is_repo_isolated PASSED [ 99%]
tests/test_p4_two_hop.py::test_validate_two_hop_record_requires_expected_repository PASSED [ 99%]
tests/test_p4_two_hop.py::test_probe_proof_refuses_cross_instance_reuse PASSED [ 99%]
tests/test_p4_two_hop.py::test_provider_normalizes_and_binds_repository_configuration PASSED [ 99%]
tests/test_p4_two_hop.py::test_unknown_repo_is_provider_answer_not_parser_restriction PASSED [100%]

=================================== PASSES ====================================
_______________________________ test_cli_config _______________________________
---------------------------- Captured stdout call -----------------------------
{"error": "index scan requires --input and --output"}
_________________________ test_cli_row_error_nonzero __________________________
---------------------------- Captured stdout call -----------------------------
{"archives": 1, "errors": 1, "header_seconds": 0.008688299916684628, "json_seconds": 2.998858690261841e-07, "objects": 1, "objects_committed": 1, "objects_seen": 1, "objects_skipped": 0, "parquet_seconds": 0.03404160006903112, "samples": 1, "skipped": 0, "total_seconds": 0.06634139991365373}
________________ test_remote_fetch_missing_package_never_scans ________________
---------------------------- Captured stdout call -----------------------------
{"code": "local_or_unclassified", "error": "remote operation failed", "phase": "local", "status": "ERROR"}
---------------------------- Captured stderr call -----------------------------
remote operation failed; no implicit scan or fallback
___________ test_refuse_bad_range_without_full_download[multipart] ____________
------------------------------ Captured log call ------------------------------
WARNING  urllib3.connection:connection.py:643 Failed to parse headers (url=http://127.0.0.1:56195/multipart?token=SECRET): [NoBoundaryInMultipartDefect()], unparsed data: ''
Traceback (most recent call last):
  File "D:\SakuraTool\SakuraPool-Fix3-20260930a\py312\Lib\site-packages\urllib3\connection.py", line 641, in getresponse
    assert_header_parsing(httplib_response.msg)
  File "D:\SakuraTool\SakuraPool-Fix3-20260930a\py312\Lib\site-packages\urllib3\util\response.py", line 88, in assert_header_parsing
    raise HeaderParsingError(defects=defects, unparsed_data=unparsed_data)
urllib3.exceptions.HeaderParsingError: [NoBoundaryInMultipartDefect()], unparsed data: ''
______________________________ test_cli_runtime _______________________________
---------------------------- Captured stdout call -----------------------------
{"error": "unknown tag: tags/missing"}
---------------------------- Captured stderr call -----------------------------
usage: sakura [-h] [--version]
              {validate,evaluate,config,runtime,remote,index} ...
sakura: error: runtime compile requires --index or P2_DIR arguments
============================ slowest 15 durations =============================
562.77s setup    tests/test_runtime_remediation.py::test_real_32mib_runtime_roaring_eviction
86.00s call     tests/test_p4_transport.py::test_bounded_workers_only_return_paths_no_pending_payload[1]
79.87s call     tests/test_p4_transport.py::test_bounded_workers_only_return_paths_no_pending_payload[4]
75.79s call     tests/test_p4_transport.py::test_bounded_workers_only_return_paths_no_pending_payload[8]
49.78s call     tests/test_p4_transport.py::test_real_p2_p3_package_builder_and_audit_roundtrip_offline
39.02s setup    tests/test_p4_package.py::test_runtime_location_cross_object_or_out_of_range_rehashed_refused[1]
37.31s setup    tests/test_p4_package.py::test_runtime_location_cross_object_or_out_of_range_rehashed_refused[999999]
32.12s call     tests/test_p4_transport.py::test_redirect_and_retry_share_attempt_ceiling
29.61s setup    tests/test_p4_package.py::test_real_package_chain_rejects_disconnected_inputs[durable_all_removed]
28.71s call     tests/test_p4_transport.py::test_auth_401_403_single_attempt_and_redacted_socket_exception
28.00s setup    tests/test_p4_package.py::test_real_package_chain_rejects_disconnected_inputs[durable_fragment_removed]
27.28s setup    tests/test_p4_package.py::test_oversized_rehashed_durable_input_refused_before_p2_parser
27.11s setup    tests/test_p4_package.py::test_audit_image_digest_mutation_rehashed_inventory_refused_before_network
26.94s call     tests/test_p4_budget.py::test_attempt_is_permanent_and_metadata_charges_raw_body
26.72s setup    tests/test_p4_package.py::test_real_package_chain_rejects_disconnected_inputs[config_changed]
=========================== short test summary info ===========================
PASSED tests/test_bench_workload.py::test_anchor_sampling_frequency_and_correlations
PASSED tests/test_bench_workload.py::test_percentiles_and_workload_specs
PASSED tests/test_bench_workload.py::test_tiny_two_source_workload_and_capacity
PASSED tests/test_bench_workload.py::test_integrated_timings_materialization_and_fail_closed_gates
PASSED tests/test_bench_workload.py::test_drain_does_not_request_extra_batch
PASSED tests/test_bench_workload.py::test_preflight_rejects_empty_any_of_branch
PASSED tests/test_evaluator.py::test_filter_select_and_limit_are_deterministic
PASSED tests/test_evaluator.py::test_count
PASSED tests/test_indexer.py::test_original_fixtures[A-members0-2-codes0]
PASSED tests/test_indexer.py::test_original_fixtures[B-members1-1-codes1]
PASSED tests/test_indexer.py::test_original_fixtures[C-members2-0-codes2]
PASSED tests/test_indexer.py::test_original_fixtures[D-members3-0-codes3]
PASSED tests/test_indexer.py::test_original_fixtures[E-members4-0-codes4]
PASSED tests/test_indexer.py::test_original_fixtures[F-members5-1-codes5]
PASSED tests/test_indexer.py::test_original_fixtures[G-members6-0-codes6]
PASSED tests/test_indexer.py::test_original_fixtures[H-members7-0-codes7]
PASSED tests/test_indexer.py::test_crash_recovery[A]
PASSED tests/test_indexer.py::test_crash_recovery[B]
PASSED tests/test_indexer.py::test_crash_recovery[C]
PASSED tests/test_indexer.py::test_crash_recovery[D]
PASSED tests/test_indexer.py::test_crash_recovery[E]
PASSED tests/test_indexer.py::test_committed_corruption[objects]
PASSED tests/test_indexer.py::test_committed_corruption[samples]
PASSED tests/test_indexer.py::test_committed_corruption[annotations]
PASSED tests/test_indexer.py::test_committed_corruption[errors]
PASSED tests/test_indexer.py::test_committed_corruption[COMMIT]
PASSED tests/test_indexer.py::test_compressed_disguised[w:gz]
PASSED tests/test_indexer.py::test_compressed_disguised[w:bz2]
PASSED tests/test_indexer.py::test_compressed_disguised[w:xz]
PASSED tests/test_indexer.py::test_member_offset_re_read_verification
PASSED tests/test_indexer.py::test_same_path_different_content_changes_object_and_record_ids
PASSED tests/test_indexer.py::test_four_tables_share_object_and_record_references
PASSED tests/test_indexer.py::test_bounded_cross_batch_writer_staging
PASSED tests/test_indexer.py::test_identity_formula_conflict_uint64
PASSED tests/test_indexer.py::test_optional_metadata_tags_hash_no_decode
PASSED tests/test_indexer.py::test_png_header_dimensions_are_indexed_without_decode
PASSED tests/test_indexer.py::test_tar_member_cache_is_bounded
PASSED tests/test_indexer.py::test_optional_spool_directory_keeps_default_and_cleans_on_failure
PASSED tests/test_indexer.py::test_member_lookup_uses_indexed_plan
PASSED tests/test_indexer.py::test_default_scan_does_not_read_image_payload
PASSED tests/test_indexer.py::test_resume_verification_does_not_read_full_parquet
PASSED tests/test_indexer.py::test_utf8_error_detail_is_bounded
PASSED tests/test_indexer.py::test_all_table_row_boundaries_and_resume[0]
PASSED tests/test_indexer.py::test_all_table_row_boundaries_and_resume[1]
PASSED tests/test_indexer.py::test_all_table_row_boundaries_and_resume[1023]
PASSED tests/test_indexer.py::test_all_table_row_boundaries_and_resume[1024]
PASSED tests/test_indexer.py::test_all_table_row_boundaries_and_resume[1025]
PASSED tests/test_indexer.py::test_all_table_row_boundaries_and_resume[2051]
PASSED tests/test_indexer.py::test_errors_cross_batch_roundtrip_and_resume[1025]
PASSED tests/test_indexer.py::test_errors_cross_batch_roundtrip_and_resume[2051]
PASSED tests/test_indexer.py::test_v4_contract_constants_and_storage_roundtrip
PASSED tests/test_indexer.py::test_object_ref_roundtrip_and_bounds
PASSED tests/test_indexer.py::test_objects_parquet_objectref_and_memberrefs_are_lossless
PASSED tests/test_indexer.py::test_avif_pairing_and_payload_extent
PASSED tests/test_indexer.py::test_spool_constructor_failure_releases_owned_files[connect]
PASSED tests/test_indexer.py::test_spool_constructor_failure_releases_owned_files[ddl]
PASSED tests/test_indexer.py::test_spool_constructor_failure_releases_owned_files[commit]
PASSED tests/test_indexer.py::test_handle_close_failure_keeps_pending_until_retry
PASSED tests/test_indexer.py::test_object_ref_archive_format_contract
PASSED tests/test_indexer.py::test_second_spool_connect_failure_releases_both
PASSED tests/test_indexer.py::test_close_failure_and_primary_error_cleanup
PASSED tests/test_indexer.py::test_scan_error_exposes_retryable_cleanup_handle_after_gc
PASSED tests/test_indexer.py::test_success_path_cleanup_failure_blocks_commit
PASSED tests/test_indexer.py::test_primary_error_survives_cleanup_error
PASSED tests/test_indexer.py::test_reference_error_exposes_retry_handle_after_gc
PASSED tests/test_indexer.py::test_reference_error_keeps_primary_when_rows_unlink_fails
PASSED tests/test_indexer.py::test_scope_cleanup_partial_success_retains_only_failed_resource
PASSED tests/test_indexer.py::test_scan_failure_does_not_cleanup_external_scope
PASSED tests/test_indexer.py::test_storage_profile_is_stable_but_object_id_is_not
PASSED tests/test_indexer.py::test_input_same_size_mtime_changed
PASSED tests/test_indexer.py::test_fresh_process_roundtrip_determinism
PASSED tests/test_indexer.py::test_cli_config
PASSED tests/test_indexer_boundaries.py::test_invalid_adapter_config[None]
PASSED tests/test_indexer_boundaries.py::test_invalid_adapter_config[config1]
PASSED tests/test_indexer_boundaries.py::test_invalid_adapter_config[config2]
PASSED tests/test_indexer_boundaries.py::test_invalid_adapter_config[config3]
PASSED tests/test_indexer_boundaries.py::test_invalid_adapter_config[config4]
PASSED tests/test_indexer_boundaries.py::test_invalid_adapter_config[config5]
PASSED tests/test_indexer_boundaries.py::test_invalid_adapter_config[config6]
PASSED tests/test_indexer_boundaries.py::test_invalid_adapter_config[config7]
PASSED tests/test_indexer_boundaries.py::test_truncated_tar_cli_json
PASSED tests/test_indexer_boundaries.py::test_registry_duplicate
PASSED tests/test_indexer_recovery.py::test_process_death[A]
PASSED tests/test_indexer_recovery.py::test_process_death[B]
PASSED tests/test_indexer_recovery.py::test_process_death[C]
PASSED tests/test_indexer_recovery.py::test_process_death[D]
PASSED tests/test_indexer_recovery.py::test_process_death[E]
PASSED tests/test_indexer_recovery.py::test_write_failure_is_not_archive_error
PASSED tests/test_indexer_recovery.py::test_changed_during_scan_not_committed
PASSED tests/test_indexer_recovery.py::test_readable_parquet_tampering_rejected
PASSED tests/test_indexer_recovery.py::test_two_shards_and_empty_annotations
PASSED tests/test_indexer_recovery.py::test_cli_row_error_nonzero
PASSED tests/test_p2_revision.py::test_input_changes[touch]
PASSED tests/test_p2_revision.py::test_input_changes[add]
PASSED tests/test_p2_revision.py::test_input_changes[remove]
PASSED tests/test_p2_revision.py::test_input_changes[config]
PASSED tests/test_p2_revision.py::test_conflict_does_not_publish
PASSED tests/test_p2_revision.py::test_explicit_error_codes[members0-ambiguous_metadata_member]
PASSED tests/test_p2_revision.py::test_explicit_error_codes[members1-invalid_post_id]
PASSED tests/test_p2_revision.py::test_full_paths_computed_hash
PASSED tests/test_p4_budget.py::test_attempt_is_permanent_and_metadata_charges_raw_body
PASSED tests/test_p4_budget.py::test_body_pending_crash_and_restart_without_refund
PASSED tests/test_p4_budget.py::test_kill_retains_pending_and_inflight_requires_explicit_release
PASSED tests/test_p4_budget.py::test_atomic_cross_process_race
PASSED tests/test_p4_budget.py::test_all_quotas_are_atomic_and_disk_includes_unrelated_fixture
PASSED tests/test_p4_budget.py::test_disk_reservation_counts_slots_and_cluster_rounded_fixture
PASSED tests/test_p4_budget.py::test_two_slots_are_exact_and_pending_is_bounded
PASSED tests/test_p4_budget.py::test_near_ceiling_refuses_slot_creation_before_lock_write
PASSED tests/test_p4_budget.py::test_slot_interruption_never_refunds_attempt_or_silently_resets[body-fsync]
PASSED tests/test_p4_budget.py::test_slot_interruption_never_refunds_attempt_or_silently_resets[header-short]
PASSED tests/test_p4_budget.py::test_slot_interruption_never_refunds_attempt_or_silently_resets[header-fsync]
PASSED tests/test_p4_budget.py::test_slot_interruption_never_refunds_attempt_or_silently_resets[after-reserve]
PASSED tests/test_p4_budget.py::test_a_single_invalid_slot_blocks_even_when_other_is_valid
PASSED tests/test_p4_budget.py::test_full_proof_slot_is_fixed_and_refuses_extra_proof
PASSED tests/test_p4_budget.py::test_existing_ledger_reopens_near_disk_limit_without_second_slot_allowance
PASSED tests/test_p4_budget.py::test_legacy_sqlite_or_orphan_sidecar_blocks_first_bootstrap[]
PASSED tests/test_p4_budget.py::test_legacy_sqlite_or_orphan_sidecar_blocks_first_bootstrap[-journal]
PASSED tests/test_p4_budget.py::test_legacy_sqlite_or_orphan_sidecar_blocks_first_bootstrap[-wal]
PASSED tests/test_p4_budget.py::test_legacy_sqlite_or_orphan_sidecar_blocks_first_bootstrap[-shm]
PASSED tests/test_p4_budget.py::test_resigned_semantically_invalid_slot_is_rejected[pending-disk]
PASSED tests/test_p4_budget.py::test_resigned_semantically_invalid_slot_is_rejected[used-metadata]
PASSED tests/test_p4_budget.py::test_resigned_semantically_invalid_slot_is_rejected[pending-metadata]
PASSED tests/test_p4_budget.py::test_partial_first_creator_never_auto_initializes_or_replaces[before-slots]
PASSED tests/test_p4_budget.py::test_partial_first_creator_never_auto_initializes_or_replaces[after-first-slot]
PASSED tests/test_p4_budget.py::test_follower_fails_closed_during_creator_bootstrap_then_can_reopen
PASSED tests/test_p4_budget.py::test_no_alternate_production_root_or_unknown_file
PASSED tests/test_p4_cli.py::test_inspect_plan_reservation_uses_actual_allocation_cluster[4096]
PASSED tests/test_p4_cli.py::test_inspect_plan_reservation_uses_actual_allocation_cluster[8192]
PASSED tests/test_p4_cli.py::test_inspect_plan_reservation_uses_actual_allocation_cluster[65536]
PASSED tests/test_p4_cli.py::test_inspect_plan_reservation_uses_actual_allocation_cluster[1048576]
PASSED tests/test_p4_cli.py::test_remote_cli_invalid_profile_or_blocked_scan_no_output[inspect]
PASSED tests/test_p4_cli.py::test_remote_cli_invalid_profile_or_blocked_scan_no_output[scan-remote]
PASSED tests/test_p4_cli.py::test_remote_cli_invalid_profile_or_blocked_scan_no_output[fetch]
PASSED tests/test_p4_cli.py::test_profile_rejects_offline_external_and_production_root_swap
PASSED tests/test_p4_cli.py::test_production_inspect_session_mock_routes_without_socket
PASSED tests/test_p4_cli.py::test_remote_cli_public_diagnostic_has_only_whitelisted_fields[http-expected0]
PASSED tests/test_p4_cli.py::test_remote_cli_public_diagnostic_has_only_whitelisted_fields[shape-expected1]
PASSED tests/test_p4_cli.py::test_remote_cli_public_diagnostic_has_only_whitelisted_fields[unknown-expected2]
PASSED tests/test_p4_cli.py::test_inspect_failure_releases_only_owned_disk_and_protects_user_file[headers]
PASSED tests/test_p4_cli.py::test_inspect_failure_releases_only_owned_disk_and_protects_user_file[shape]
PASSED tests/test_p4_cli.py::test_inspect_failure_releases_only_owned_disk_and_protects_user_file[write]
PASSED tests/test_p4_cli.py::test_inspect_failure_releases_only_owned_disk_and_protects_user_file[cancel]
PASSED tests/test_p4_cli.py::test_inspect_failure_releases_only_owned_disk_and_protects_user_file[user-temp]
PASSED tests/test_p4_cli.py::test_inspect_post_publish_failure_keeps_plan_and_never_refunds_unknown[after_publish_settle]
PASSED tests/test_p4_cli.py::test_inspect_post_publish_failure_keeps_plan_and_never_refunds_unknown[temp_cleanup]
PASSED tests/test_p4_cli.py::test_remote_fetch_missing_package_never_scans
PASSED tests/test_p4_package.py::test_package_inventory_and_exact_runtime_record_binding
PASSED tests/test_p4_package.py::test_frozen_package_schema_rejects_heterogeneous_repository
PASSED tests/test_p4_package.py::test_package_fails_closed_on_invalid_inventory_or_binding[size]
PASSED tests/test_p4_package.py::test_package_fails_closed_on_invalid_inventory_or_binding[hash]
PASSED tests/test_p4_package.py::test_package_fails_closed_on_invalid_inventory_or_binding[missing]
PASSED tests/test_p4_package.py::test_package_fails_closed_on_invalid_inventory_or_binding[escape]
PASSED tests/test_p4_package.py::test_package_fails_closed_on_invalid_inventory_or_binding[duplicate]
PASSED tests/test_p4_package.py::test_package_fails_closed_on_invalid_inventory_or_binding[binding]
PASSED tests/test_p4_package.py::test_package_fails_closed_on_invalid_inventory_or_binding[snapshot]
PASSED tests/test_p4_package.py::test_package_fails_closed_on_invalid_inventory_or_binding[directory]
PASSED tests/test_p4_package.py::test_fetch_facade_verifies_package_snapshot_audit_before_network
PASSED tests/test_p4_package.py::test_snapshot_metadata_presence_uses_flags_not_size[True-1-2]
PASSED tests/test_p4_package.py::test_snapshot_metadata_presence_uses_flags_not_size[False-0-0]
PASSED tests/test_p4_package.py::test_snapshot_metadata_presence_uses_flags_not_size[True-1-0]
PASSED tests/test_p4_package.py::test_snapshot_metadata_presence_uses_flags_not_size[True-0-0]
PASSED tests/test_p4_package.py::test_snapshot_metadata_presence_uses_flags_not_size[False-1-0]
PASSED tests/test_p4_package.py::test_real_package_chain_rejects_disconnected_inputs[durable_all_removed]
PASSED tests/test_p4_package.py::test_real_package_chain_rejects_disconnected_inputs[durable_fragment_removed]
PASSED tests/test_p4_package.py::test_real_package_chain_rejects_disconnected_inputs[config_changed]
PASSED tests/test_p4_package.py::test_real_package_chain_rejects_disconnected_inputs[audit_member_changed]
PASSED tests/test_p4_package.py::test_real_package_chain_rejects_disconnected_inputs[binding_extra]
PASSED tests/test_p4_package.py::test_real_package_chain_rejects_disconnected_inputs[runtime_source_changed]
PASSED tests/test_p4_package.py::test_real_package_chain_verified_consistent
PASSED tests/test_p4_package.py::test_audit_image_digest_mutation_rehashed_inventory_refused_before_network
PASSED tests/test_p4_package.py::test_oversized_rehashed_durable_input_refused_before_p2_parser
PASSED tests/test_p4_package.py::test_oversized_rehashed_commit_refused_before_p2_parser_by_load_and_publish
PASSED tests/test_p4_package.py::test_runtime_location_cross_object_or_out_of_range_rehashed_refused[1]
PASSED tests/test_p4_package.py::test_runtime_location_cross_object_or_out_of_range_rehashed_refused[999999]
PASSED tests/test_p4_package.py::test_production_fetch_four_entrypoints_block_before_network_or_output
PASSED tests/test_p4_package.py::test_present_zero_length_metadata_writes_empty_file_without_second_http
PASSED tests/test_p4_package.py::test_legacy_object_cannot_be_silently_rebound
PASSED tests/test_p4_provider.py::test_official_dataset_routes_are_guarded_and_pinned
PASSED tests/test_p4_provider.py::test_fail_closed_on_invalid_remote_listing[bad0]
PASSED tests/test_p4_provider.py::test_fail_closed_on_invalid_remote_listing[bad1]
PASSED tests/test_p4_provider.py::test_fail_closed_on_invalid_remote_listing[bad2]
PASSED tests/test_p4_provider.py::test_fail_closed_on_invalid_remote_listing[bad3]
PASSED tests/test_p4_provider.py::test_fail_closed_on_invalid_remote_listing[bad4]
PASSED tests/test_p4_provider.py::test_malformed_revision_lists_are_redacted[None]
PASSED tests/test_p4_provider.py::test_malformed_revision_lists_are_redacted[not-a-list]
PASSED tests/test_p4_provider.py::test_malformed_revision_lists_are_redacted[bad2]
PASSED tests/test_p4_provider.py::test_malformed_revision_lists_are_redacted[7]
PASSED tests/test_p4_provider.py::test_malformed_metadata_and_endpoint_never_expose_signed_url
PASSED tests/test_p4_provider.py::test_short_page_without_declared_total_never_claims_complete
PASSED tests/test_p4_provider.py::test_declared_total_mismatch_rejected
PASSED tests/test_p4_provider.py::test_tree_paths_cannot_duplicate_or_conflict_with_blob[kinds0]
PASSED tests/test_p4_provider.py::test_tree_paths_cannot_duplicate_or_conflict_with_blob[kinds1]
PASSED tests/test_p4_provider.py::test_cross_page_tree_duplicate_and_changed_total_refused
PASSED tests/test_p4_provider.py::test_inspect_result_cap_stops_before_listing_entire_remote_repository
PASSED tests/test_p4_provider.py::test_duplicate_path_fails_and_metadata_does_not_claim_completion
PASSED tests/test_p4_retrieval_faults.py::test_failed_hash_never_publishes_partial_sample_and_keeps_unknown_inflight
PASSED tests/test_p4_retrieval_faults.py::test_bounded_worker_failure_awaits_running_workers_without_pending_payload
PASSED tests/test_p4_tar_faults.py::test_compressed_disguise_and_malformed_tar_never_publish[\x1f\x8b\x08\x00\xb4x\xbcj\x02\xffKT(\xae\xcc+\xc9H-\xc9LV\x08q\x0c\xd2\xcd\xc9\xcf\xcf\xce\xccKW(H\xac\xcc\xc9OL\x01\x00\xd7\xac^ \x1f\x00\x00\x00]
PASSED tests/test_p4_tar_faults.py::test_compressed_disguise_and_malformed_tar_never_publish[NOT_A_TAR_HEADER\x00\x00\x00\x00\x00\x00\x00\x00\x00\x00\x00\x00\x00\x00\x00\x00\x00\x00\x00\x00\x00\x00\x00\x00\x00\x00\x00\x00\x00\x00\x00\x00\x00\x00\x00\x00\x00\x00\x00\x00\x00\x00\x00\x00\x00\x00\x00\x00\x00\x00\x00\x00\x00\x00\x00\x00\x00\x00\x00\x00\x00\x00\x00\x00\x00\x00\x00\x00\x00\x00\x00\x00\x00\x00\x00\x00\x00\x00\x00\x00\x00\x00\x00\x00\x00\x00\x00\x00\x00\x00\x00\x00\x00\x00\x00\x00\x00\x00\x00\x00\x00\x00\x00\x00\x00\x00\x00\x00\x00\x00\x00\x00\x00\x00\x00\x00\x00\x00\x00\x00\x00\x00\x00\x00\x00\x00\x00\x00\x00\x00\x00\x00\x00\x00\x00\x00\x00\x00\x00\x00\x00\x00\x00\x00\x00\x00\x00\x00\x00\x00\x00\x00\x00\x00\x00\x00\x00\x00\x00\x00\x00\x00\x00\x00\x00\x00\x00\x00\x00\x00\x00\x00\x00\x00\x00\x00\x00\x00\x00\x00\x00\x00\x00\x00\x00\x00\x00\x00\x00\x00\x00\x00\x00\x00\x00\x00\x00\x00\x00\x00\x00\x00\x00\x00\x00\x00\x00\x00\x00\x00\x00\x00\x00\x00\x00\x00\x00\x00\x00\x00\x00\x00\x00\x00\x00\x00\x00\x00\x00\x00\x00\x00\x00\x00\x00\x00\x00\x00\x00\x00\x00\x00\x00\x00\x00\x00\x00\x00\x00\x00\x00\x00\x00\x00\x00\x00\x00\x00\x00\x00\x00\x00\x00\x00\x00\x00\x00\x00\x00\x00\x00\x00\x00\x00\x00\x00\x00\x00\x00\x00\x00\x00\x00\x00\x00\x00\x00\x00\x00\x00\x00\x00\x00\x00\x00\x00\x00\x00\x00\x00\x00\x00\x00\x00\x00\x00\x00\x00\x00\x00\x00\x00\x00\x00\x00\x00\x00\x00\x00\x00\x00\x00\x00\x00\x00\x00\x00\x00\x00\x00\x00\x00\x00\x00\x00\x00\x00\x00\x00\x00\x00\x00\x00\x00\x00\x00\x00\x00\x00\x00\x00\x00\x00\x00\x00\x00\x00\x00\x00\x00\x00\x00\x00\x00\x00\x00\x00\x00\x00\x00\x00\x00\x00\x00\x00\x00\x00\x00\x00\x00\x00\x00\x00\x00\x00\x00\x00\x00\x00\x00\x00\x00\x00\x00\x00\x00\x00\x00\x00\x00\x00\x00\x00\x00\x00\x00\x00\x00\x00\x00\x00\x00\x00\x00\x00\x00\x00\x00\x00\x00\x00\x00\x00\x00\x00\x00\x00\x00\x00\x00\x00\x00\x00\x00\x00\x00\x00\x00\x00\x00\x00\x00\x00\x00\x00\x00\x00\x00\x00\x00\x00\x00\x00\x00\x00\x00\x00\x00\x00\x00\x00\x00\x00\x00\x00\x00\x00\x00\x00\x00\x00\x00\x00\x00\x00\x00\x00\x00\x00\x00\x00\x00\x00\x00\x00\x00\x00\x00\x00\x00\x00\x00\x00\x00\x00\x00\x00\x00\x00\x00\x00\x00\x00\x00\x00\x00\x00\x00\x00\x00\x00\x00\x00\x00\x00\x00\x00\x00\x00\x00\x00\x00\x00\x00\x00\x00\x00\x00\x00\x00\x00\x00\x00\x00\x00\x00\x00\x00\x00\x00\x00\x00\x00\x00\x00\x00\x00\x00\x00\x00\x00\x00\x00\x00\x00\x00\x00\x00\x00\x00\x00\x00\x00\x00\x00\x00\x00\x00\x00\x00\x00\x00\x00\x00\x00\x00\x00\x00\x00\x00\x00\x00\x00\x00\x00\x00\x00\x00\x00\x00\x00\x00\x00\x00\x00\x00\x00\x00\x00\x00\x00\x00\x00\x00\x00\x00\x00\x00\x00\x00\x00\x00\x00\x00\x00\x00\x00\x00\x00\x00\x00\x00\x00\x00\x00\x00\x00\x00\x00\x00\x00\x00\x00\x00\x00\x00\x00\x00\x00\x00\x00\x00\x00\x00\x00\x00\x00\x00\x00\x00\x00\x00\x00\x00\x00\x00\x00\x00\x00\x00\x00\x00\x00\x00\x00\x00\x00\x00\x00\x00\x00\x00\x00\x00\x00\x00\x00\x00\x00\x00\x00\x00\x00\x00\x00\x00\x00\x00\x00\x00\x00\x00\x00\x00\x00\x00\x00\x00\x00\x00\x00\x00\x00\x00\x00\x00\x00\x00\x00\x00\x00\x00\x00\x00\x00\x00\x00\x00\x00\x00\x00\x00\x00\x00\x00\x00\x00\x00\x00\x00\x00\x00\x00\x00\x00\x00\x00\x00\x00\x00\x00\x00\x00\x00\x00\x00\x00\x00\x00\x00\x00\x00\x00\x00\x00\x00\x00\x00\x00\x00\x00\x00\x00\x00\x00\x00\x00\x00\x00\x00\x00\x00\x00\x00\x00\x00\x00\x00\x00\x00\x00\x00\x00\x00\x00\x00\x00\x00\x00\x00\x00\x00\x00\x00\x00\x00\x00\x00\x00\x00\x00\x00\x00\x00\x00\x00\x00\x00\x00\x00\x00\x00\x00\x00\x00\x00\x00\x00\x00\x00\x00\x00\x00\x00\x00\x00\x00\x00\x00\x00\x00\x00\x00\x00\x00\x00\x00\x00\x00\x00\x00\x00\x00\x00\x00\x00\x00\x00\x00\x00\x00\x00\x00\x00\x00\x00\x00\x00\x00\x00\x00\x00\x00\x00\x00\x00\x00\x00\x00\x00\x00\x00\x00\x00\x00\x00\x00\x00\x00\x00\x00\x00\x00\x00\x00\x00\x00\x00\x00\x00\x00\x00\x00\x00\x00\x00\x00\x00\x00\x00\x00\x00\x00\x00\x00\x00\x00\x00\x00\x00\x00\x00\x00\x00\x00\x00\x00\x00\x00\x00\x00\x00\x00\x00\x00\x00\x00\x00\x00\x00\x00\x00\x00\x00\x00\x00\x00\x00\x00\x00\x00\x00\x00\x00\x00\x00\x00\x00\x00\x00\x00\x00\x00\x00\x00\x00\x00\x00\x00\x00\x00\x00\x00\x00\x00\x00\x00\x00\x00\x00\x00\x00\x00\x00\x00\x00\x00\x00\x00\x00\x00\x00\x00\x00\x00\x00\x00\x00\x00\x00\x00\x00\x00\x00\x00\x00\x00\x00\x00\x00\x00\x00\x00\x00\x00\x00\x00\x00\x00\x00\x00\x00\x00\x00\x00\x00\x00\x00\x00\x00\x00\x00\x00\x00]
PASSED tests/test_p4_tar_faults.py::test_tar_checksum_tampering_does_not_publish
PASSED tests/test_p4_token_bootstrap.py::test_isolated_runpy_executes_real_offline_cli_with_synthetic_token
PASSED tests/test_p4_token_bootstrap.py::test_invalid_synthetic_token_stops_before_cli_or_http[]
PASSED tests/test_p4_token_bootstrap.py::test_invalid_synthetic_token_stops_before_cli_or_http[name: secret]
PASSED tests/test_p4_token_bootstrap.py::test_invalid_synthetic_token_stops_before_cli_or_http[token with space]
PASSED tests/test_p4_token_bootstrap.py::test_invalid_synthetic_token_stops_before_cli_or_http[first\nsecond]
PASSED tests/test_p4_token_bootstrap.py::test_invalid_synthetic_token_stops_before_cli_or_http[{"token":"secret"}]
PASSED tests/test_p4_token_bootstrap.py::test_invalid_synthetic_token_stops_before_cli_or_http[KEY=VALUE]
PASSED tests/test_p4_token_bootstrap.py::test_invalid_synthetic_token_stops_before_cli_or_http[abc\x00def]
PASSED tests/test_p4_token_bootstrap.py::test_isolated_wrapper_never_prints_unknown_exit_or_interrupt[noninteger_exit]
PASSED tests/test_p4_token_bootstrap.py::test_isolated_wrapper_never_prints_unknown_exit_or_interrupt[interrupt]
PASSED tests/test_p4_token_bootstrap.py::test_production_main_guards_profile_before_loading_token[good]
PASSED tests/test_p4_token_bootstrap.py::test_production_main_guards_profile_before_loading_token[revision]
PASSED tests/test_p4_token_bootstrap.py::test_production_main_guards_profile_before_loading_token[repo]
PASSED tests/test_p4_token_bootstrap.py::test_production_main_guards_profile_before_loading_token[endpoint]
PASSED tests/test_p4_token_bootstrap.py::test_production_main_guards_profile_before_loading_token[trusted_hosts]
PASSED tests/test_p4_token_bootstrap.py::test_production_main_guards_profile_before_loading_token[root]
PASSED tests/test_p4_token_bootstrap.py::test_production_main_guards_profile_before_loading_token[bad_type]
PASSED tests/test_p4_token_bootstrap.py::test_production_main_guards_profile_before_loading_token[bad_json]
PASSED tests/test_p4_token_bootstrap.py::test_production_main_guards_profile_before_loading_token[oversized]
PASSED tests/test_p4_token_bootstrap.py::test_production_main_guards_profile_before_loading_token[config_link]
PASSED tests/test_p4_token_bootstrap.py::test_production_main_guards_profile_before_loading_token[output_link]
PASSED tests/test_p4_token_bootstrap.py::test_production_main_guards_profile_before_loading_token[existing_output]
PASSED tests/test_p4_token_bootstrap.py::test_production_main_guards_profile_before_loading_token[outside_output]
PASSED tests/test_p4_token_bootstrap.py::test_production_main_guards_profile_before_loading_token[outside_config]
PASSED tests/test_p4_token_bootstrap.py::test_production_main_guards_profile_before_loading_token[directory_config]
PASSED tests/test_p4_token_bootstrap.py::test_synthetic_origin_token_never_flows_to_trusted_redirect
PASSED tests/test_p4_transport.py::test_atomic_sample_retrieval_merged_and_separate[False-False]
PASSED tests/test_p4_transport.py::test_atomic_sample_retrieval_merged_and_separate[False-True]
PASSED tests/test_p4_transport.py::test_atomic_sample_retrieval_merged_and_separate[True-False]
PASSED tests/test_p4_transport.py::test_atomic_sample_retrieval_merged_and_separate[True-True]
PASSED tests/test_p4_transport.py::test_corrupt_member_hash_never_delivers_partial_pair
PASSED tests/test_p4_transport.py::test_bounded_workers_only_return_paths_no_pending_payload[1]
PASSED tests/test_p4_transport.py::test_bounded_workers_only_return_paths_no_pending_payload[4]
PASSED tests/test_p4_transport.py::test_bounded_workers_only_return_paths_no_pending_payload[8]
PASSED tests/test_p4_transport.py::test_range_ownership_ack_holds_and_releases_inflight
PASSED tests/test_p4_transport.py::test_correct_ranges_and_zero_no_network
PASSED tests/test_p4_transport.py::test_refuse_bad_range_without_full_download[ignore]
PASSED tests/test_p4_transport.py::test_refuse_bad_range_without_full_download[wrong-cr]
PASSED tests/test_p4_transport.py::test_refuse_bad_range_without_full_download[no-cr]
PASSED tests/test_p4_transport.py::test_refuse_bad_range_without_full_download[short]
PASSED tests/test_p4_transport.py::test_refuse_bad_range_without_full_download[overlong]
PASSED tests/test_p4_transport.py::test_refuse_bad_range_without_full_download[encode]
PASSED tests/test_p4_transport.py::test_refuse_bad_range_without_full_download[multipart]
PASSED tests/test_p4_transport.py::test_refuse_bad_range_without_full_download[changed]
PASSED tests/test_p4_transport.py::test_redirect_and_retry_share_attempt_ceiling
PASSED tests/test_p4_transport.py::test_retry_and_redirect_share_one_three_attempt_ceiling
PASSED tests/test_p4_transport.py::test_auth_401_403_single_attempt_and_redacted_socket_exception
PASSED tests/test_p4_transport.py::test_approved_cross_host_strips_auth
PASSED tests/test_p4_transport.py::test_production_credentials_on_origin_and_redirects_without_socket
PASSED tests/test_p4_transport.py::test_untrusted_redirect_never_leaks_signed_url_or_token
PASSED tests/test_p4_transport.py::test_stage_single_stream_hashes_raw_tar_and_member_extents
PASSED tests/test_p4_transport.py::test_staged_remote_v4_compiles_original_p3_and_queries
PASSED tests/test_p4_transport.py::test_real_p2_p3_package_builder_and_audit_roundtrip_offline
PASSED tests/test_p4_transport.py::test_cli_bootstrap_revisions_then_select_candidate_offline
PASSED tests/test_p4_transport.py::test_production_scan_build_package_block_before_any_http_or_artifact
PASSED tests/test_p4_transport.py::test_offline_mode_external_initial_redirect_ledger_and_proxy_denial
PASSED tests/test_p4_transport.py::test_record_cap_aborts_without_marker_and_without_finishing_tail
PASSED tests/test_p4_transport.py::test_stage_rejects_link_and_preserves_no_completed_marker
PASSED tests/test_p4_transport.py::test_stage_accepts_pax_long_member_with_true_raw_extent[2]
PASSED tests/test_p4_transport.py::test_stage_accepts_pax_long_member_with_true_raw_extent[1]
PASSED tests/test_p4_transport.py::test_stage_refuses_noncontiguous_or_special_tar_member[3]
PASSED tests/test_p4_transport.py::test_stage_refuses_noncontiguous_or_special_tar_member[4]
PASSED tests/test_p4_transport.py::test_stage_refuses_noncontiguous_or_special_tar_member[6]
PASSED tests/test_p4_transport.py::test_stage_refuses_noncontiguous_or_special_tar_member[1]
PASSED tests/test_p4_transport.py::test_stage_refuses_noncontiguous_or_special_tar_member[S]
PASSED tests/test_p4_transport.py::test_full_stream_tarfile_drains_tail_and_charges_once
PASSED tests/test_p4_transport.py::test_full_stream_size_failure_keeps_pending[full-short]
PASSED tests/test_p4_transport.py::test_full_stream_size_failure_keeps_pending[full-overlong]
PASSED tests/test_p4_transport.py::test_provider_metadata_uses_same_transport_and_ledger
PASSED tests/test_p4_transport.py::test_raw_failures_keep_pending_and_cannot_leak_through_context[range-exc0]
PASSED tests/test_p4_transport.py::test_raw_failures_keep_pending_and_cannot_leak_through_context[range-exc1]
PASSED tests/test_p4_transport.py::test_raw_failures_keep_pending_and_cannot_leak_through_context[range-exc2]
PASSED tests/test_p4_transport.py::test_raw_failures_keep_pending_and_cannot_leak_through_context[metadata-exc0]
PASSED tests/test_p4_transport.py::test_raw_failures_keep_pending_and_cannot_leak_through_context[metadata-exc1]
PASSED tests/test_p4_transport.py::test_raw_failures_keep_pending_and_cannot_leak_through_context[metadata-exc2]
PASSED tests/test_p4_transport.py::test_raw_failures_keep_pending_and_cannot_leak_through_context[stream-exc0]
PASSED tests/test_p4_transport.py::test_raw_failures_keep_pending_and_cannot_leak_through_context[stream-exc1]
PASSED tests/test_p4_transport.py::test_raw_failures_keep_pending_and_cannot_leak_through_context[stream-exc2]
PASSED tests/test_p4_transport.py::test_bound_object_repr_and_serialization_hide_signed_url
PASSED tests/test_p4_transport.py::test_condition_proof_persisted_only_for_exact_binding
PASSED tests/test_p4_transport.py::test_validated_if_match_pair_and_ignored_condition_refused
PASSED tests/test_p4_transport.py::test_retry_after_http_date_nonfinite_and_invalid_never_retry_early
PASSED tests/test_p4_transport.py::test_signed_redirect_403_never_refreshes_without_proven_expiry_signal[signed_unknown403-2]
PASSED tests/test_p4_transport.py::test_signed_redirect_403_never_refreshes_without_proven_expiry_signal[signed_permission403-2]
PASSED tests/test_p4_transport.py::test_signed_redirect_403_never_refreshes_without_proven_expiry_signal[signed_quota403-2]
PASSED tests/test_p4_transport.py::test_signed_redirect_403_never_refreshes_without_proven_expiry_signal[direct403-1]
PASSED tests/test_p4_transport.py::test_refresh_origin_requires_one_exact_provider_path_and_pin
PASSED tests/test_p4_transport.py::test_metadata_header_rejection_reports_known_status_without_body[auth401-401]
PASSED tests/test_p4_transport.py::test_metadata_header_rejection_reports_known_status_without_body[auth403-403]
PASSED tests/test_p4_transport.py::test_metadata_uses_same_ledger
PASSED tests/test_publish_resume_safety.py::test_invalid_staging_is_never_repaired[False-ready]
PASSED tests/test_publish_resume_safety.py::test_invalid_staging_is_never_repaired[False-hash]
PASSED tests/test_publish_resume_safety.py::test_invalid_staging_is_never_repaired[False-schema]
PASSED tests/test_publish_resume_safety.py::test_invalid_staging_is_never_repaired[False-path]
PASSED tests/test_publish_resume_safety.py::test_invalid_staging_is_never_repaired[False-extra]
PASSED tests/test_publish_resume_safety.py::test_invalid_staging_is_never_repaired[True-ready]
PASSED tests/test_publish_resume_safety.py::test_invalid_staging_is_never_repaired[True-hash]
PASSED tests/test_publish_resume_safety.py::test_invalid_staging_is_never_repaired[True-schema]
PASSED tests/test_publish_resume_safety.py::test_invalid_staging_is_never_repaired[True-path]
PASSED tests/test_publish_resume_safety.py::test_invalid_staging_is_never_repaired[True-extra]
PASSED tests/test_publish_resume_safety.py::test_public_open_cannot_override_directory_identity
PASSED tests/test_publish_resume_safety.py::test_entry_audit_precedes_any_external_read[READY]
PASSED tests/test_publish_resume_safety.py::test_entry_audit_precedes_any_external_read[OWNER.json]
PASSED tests/test_publish_resume_safety.py::test_entry_audit_precedes_any_external_read[SNAPSHOT.json]
PASSED tests/test_publish_resume_safety.py::test_entry_audit_precedes_any_external_read[catalog.sqlite]
PASSED tests/test_publish_resume_safety.py::test_resume_full_verify_and_byte_identity
PASSED tests/test_query.py::test_query_round_trip
PASSED tests/test_query.py::test_query_validation_rejects_invalid_specs[bad0]
PASSED tests/test_query.py::test_query_validation_rejects_invalid_specs[bad1]
PASSED tests/test_query.py::test_query_validation_rejects_invalid_specs[bad2]
PASSED tests/test_query.py::test_in_filter_requires_nonempty_list
PASSED tests/test_r1_bridge.py::test_handshake_reports_protocol_version_and_capabilities
PASSED tests/test_r1_bridge.py::test_protocol_version_mismatch_is_fatal
PASSED tests/test_r1_bridge.py::test_explicit_binary_path_is_required_without_fallback
PASSED tests/test_r1_bridge.py::test_oversized_line_rejected_and_worker_survives
PASSED tests/test_r1_bridge.py::test_non_utf8_line_rejected_and_worker_survives
PASSED tests/test_r1_bridge.py::test_unknown_fields_are_rejected
PASSED tests/test_r1_bridge.py::test_duplicate_request_ids_rejected
PASSED tests/test_r1_bridge.py::test_attempt_limit_exhaustion_refuses_next_reserve
PASSED tests/test_r1_bridge.py::test_cancel_kills_and_waits
PASSED tests/test_r1_bridge.py::test_cancel_is_immediate_kill_and_wait
PASSED tests/test_r1_bridge.py::test_stderr_tail_is_bounded
PASSED tests/test_r1_bridge.py::test_stderr_drain_thread_keeps_last_64kib_on_real_pipe
PASSED tests/test_r1_bridge.py::test_bridge_timeout_on_hung_worker_retains_lease
PASSED tests/test_r1_bridge.py::test_gated_fetch_success_settles
PASSED tests/test_r1_bridge.py::test_gated_fetch_mid_range_settles
PASSED tests/test_r1_bridge.py::test_gated_fetch_clean_rejection_settles
PASSED tests/test_r1_bridge.py::test_gated_crash_leaves_lease_pending
PASSED tests/test_r1_bridge.py::test_restart_sees_durable_pending
PASSED tests/test_r1_bridge.py::test_python_crash_keeps_durable_lease_pending
PASSED tests/test_r1_bridge.py::test_double_settle_rejected
PASSED tests/test_r1_bridge.py::test_gated_fetch_without_ledger_refuses
PASSED tests/test_r1_bridge.py::test_scan_tar_agrees_with_raw_bytes
PASSED tests/test_r1_bridge.py::test_scan_tar_rejections
PASSED tests/test_r1_bridge.py::test_scan_http_tar_matches_file_scan_field_for_field
PASSED tests/test_r1_env_gate.py::test_worker_resolver_explicit_env_is_authoritative
PASSED tests/test_r1_env_gate.py::test_worker_resolver_fallback_only_returns_existing_files
PASSED tests/test_r1_env_gate.py::test_r1_suite_skips_and_reports_without_worker
PASSED tests/test_r1_env_gate.py::test_p4_work_root_is_outside_the_repository
PASSED tests/test_r1_env_gate.py::test_r1_servers_bind_loopback_only
PASSED tests/test_r1_env_gate.py::test_r1_test_sources_reference_no_external_hosts
PASSED tests/test_r1_env_gate.py::test_r1_work_root_fixtures_are_created_under_p4_root
PASSED tests/test_r1_gate_e_e2e.py::test_rust_scan_drives_p2_p3_rust_fetch
PASSED tests/test_r1_loopback_loop.py::test_scan_p2_p3_rust_fetch_bytes_agree
PASSED tests/test_r1_stdout_backpressure.py::test_slow_consumer_bounded_queue_preserves_order
PASSED tests/test_r1_stdout_backpressure.py::test_shutdown_while_producer_blocked_on_full_queue[cancel]
PASSED tests/test_r1_stdout_backpressure.py::test_shutdown_while_producer_blocked_on_full_queue[close]
PASSED tests/test_r1_stdout_backpressure.py::test_cancel_unblocks_waiting_consumer
PASSED tests/test_r1_stdout_backpressure.py::test_shutdown_releases_blocked_stdin_writer[close]
PASSED tests/test_r1_stdout_backpressure.py::test_shutdown_releases_blocked_stdin_writer[cancel]
PASSED tests/test_r1_stdout_backpressure.py::test_eof_race_delivers_final_queued_line
PASSED tests/test_r1_stdout_backpressure.py::test_eof_reports_exit_without_waiting_for_long_timeout
PASSED tests/test_r1_stdout_backpressure.py::test_oversized_stdout_line_is_bounded_and_cancel_reaps
PASSED tests/test_r1_stdout_backpressure.py::test_failed_constructor_kills_waits_closes_pipes
PASSED tests/test_r1_worker_attempts.py::test_worker_does_not_retry_503[fetch_range]
PASSED tests/test_r1_worker_attempts.py::test_worker_does_not_retry_503[scan_http_tar]
PASSED tests/test_registry.py::test_schema_and_model_registries_reject_duplicates
PASSED tests/test_runtime.py::test_compile_snapshot_and_query
PASSED tests/test_runtime.py::test_query_unknown_values_raise
PASSED tests/test_runtime.py::test_ambiguous_record_raises
PASSED tests/test_runtime.py::test_snapshot_verify_and_corruption
PASSED tests/test_runtime.py::test_compile_crash_resume
PASSED tests/test_runtime.py::test_compile_is_idempotent
PASSED tests/test_runtime.py::test_two_input_order_independent
PASSED tests/test_runtime.py::test_rebuilt_inputs_same_logical_results
PASSED tests/test_runtime.py::test_duplicate_dataset_names_rejected
PASSED tests/test_runtime.py::test_cli_runtime
PASSED tests/test_runtime.py::test_committed_p2_inventory_and_fingerprint
PASSED tests/test_runtime.py::test_commit_allow_set_is_derived_not_globbered
PASSED tests/test_runtime.py::test_cli_compile_positional_syntax
PASSED tests/test_runtime.py::test_dual_compile_determinism
PASSED tests/test_runtime.py::test_tag_category_resolution_and_conflict
PASSED tests/test_runtime.py::test_multi_origin_union_and_namespace_split
PASSED tests/test_runtime.py::test_multi_dataset_same_source_post
PASSED tests/test_runtime.py::test_crash_resume_before_catalog
PASSED tests/test_runtime.py::test_crash_resume_after_catalog_before_bitmaps
PASSED tests/test_runtime.py::test_crash_resume_partial_locations
PASSED tests/test_runtime.py::test_crash_resume_after_bitmaps
PASSED tests/test_runtime.py::test_crash_resume_ready_rename
PASSED tests/test_runtime.py::test_crash_resume_ready_write_after_role_flip
PASSED tests/test_runtime.py::test_ready_snapshot_is_reused
PASSED tests/test_runtime.py::test_fresh_process_open_and_query
PASSED tests/test_runtime.py::test_catalog_query_plans_use_indexes
PASSED tests/test_runtime.py::test_not_semantics_states
PASSED tests/test_runtime.py::test_rids_are_canonical_and_bounded
PASSED tests/test_runtime.py::test_rid_capacity_accepts_boundary_counts_without_allocation[4294967295]
PASSED tests/test_runtime.py::test_rid_capacity_accepts_boundary_counts_without_allocation[4294967296]
PASSED tests/test_runtime.py::test_rid_capacity_rejects_overflow_and_negative[4294967297]
PASSED tests/test_runtime.py::test_rid_capacity_rejects_overflow_and_negative[-4294967296]
PASSED tests/test_runtime.py::test_assign_rids_checks_capacity_before_sorting
PASSED tests/test_runtime.py::test_load_p2_inventory_accepts_str_and_mixed_paths
PASSED tests/test_runtime_differential.py::test_random_differential_reference_matches_bitmaps
PASSED tests/test_runtime_remediation.py::test_locations_payload_tamper_only_full_verify
PASSED tests/test_runtime_remediation.py::test_whole_file_swap_same_shape_rejected
PASSED tests/test_runtime_remediation.py::test_explicit_snapshot_dir_open
PASSED tests/test_runtime_remediation.py::test_keyword_query_entry_and_len_and_object_ref
PASSED tests/test_runtime_remediation.py::test_record_batches_carry_names
PASSED tests/test_runtime_remediation.py::test_bare_unknown_namespace_errors
PASSED tests/test_runtime_remediation.py::test_planner_short_circuits_on_stored_cardinality
PASSED tests/test_runtime_remediation.py::test_byte_lru_oversized_and_budget
PASSED tests/test_runtime_remediation.py::test_byte_lru_32mib_real_eviction
PASSED tests/test_runtime_remediation.py::test_default_cache_budget_is_256mib
PASSED tests/test_runtime_remediation.py::test_streaming_hash_parity
PASSED tests/test_runtime_remediation.py::test_uint64_offsets_and_metadata_presence
PASSED tests/test_runtime_remediation.py::test_inventory_rejects_stray_files
PASSED tests/test_runtime_remediation.py::test_inventory_rejects_row_ownership_violation
PASSED tests/test_runtime_remediation.py::test_synthetic_p2_follows_real_contract
PASSED tests/test_runtime_remediation.py::test_created_at_does_not_change_snapshot_id
PASSED tests/test_runtime_remediation.py::test_ready_reuse_validated_and_current_repaired
PASSED tests/test_runtime_remediation.py::test_same_id_staging_without_marker_fail_closed
PASSED tests/test_runtime_remediation.py::test_same_id_staging_forced_marker_fail_closed
PASSED tests/test_runtime_remediation.py::test_unowned_snapshot_dir_never_deleted
PASSED tests/test_runtime_remediation.py::test_staging_ownership_respected
PASSED tests/test_runtime_remediation.py::test_cli_spec_and_flags
PASSED tests/test_runtime_remediation.py::test_planner_source_dataset_cardinality_order
PASSED tests/test_runtime_remediation.py::test_real_runtime_eviction_correctness
PASSED tests/test_runtime_remediation.py::test_staging_audit_rejects_directory_named_like_known_file
PASSED tests/test_runtime_remediation.py::test_runtime_root_symlink_refused
PASSED tests/test_runtime_remediation.py::test_staging_audit_rejects_junction_entry
PASSED tests/test_runtime_remediation.py::test_published_markers_completed_before_rename
PASSED tests/test_runtime_remediation.py::test_rename_failure_auto_recovers
PASSED tests/test_runtime_remediation.py::test_corrupted_published_staging_refused_and_preserved
PASSED tests/test_runtime_remediation.py::test_real_32mib_runtime_roaring_eviction
PASSED tests/test_runtime_remediation.py::test_big32_corpus_maps_are_inverses
PASSED tests/test_rust_index_audit.py::test_size_mismatch_rejected
PASSED tests/test_rust_index_audit.py::test_whole_sha_mismatch_rejected
PASSED tests/test_rust_index_audit.py::test_duplicate_member_path_rejected
PASSED tests/test_rust_index_audit.py::test_unaligned_extent_rejected
PASSED tests/test_rust_index_audit.py::test_extent_out_of_bounds_rejected
PASSED tests/test_rust_index_audit.py::test_member_sha_mismatch_rejected
PASSED tests/test_rust_index_audit.py::test_empty_member_payload_rejected
PASSED tests/test_rust_index_audit.py::test_unparsable_json_rejected
PASSED tests/test_rust_index_audit.py::test_oversized_json_rejected
PASSED tests/test_rust_index_audit.py::test_valid_report_stages_and_marker_is_exact
PASSED tests/test_rust_index_audit.py::test_failed_audit_leaves_no_marker_and_settles_lease
PASSED tests/test_schema.py::test_rows_to_table_preserves_schema_and_values
PASSED tests/test_schema.py::test_rows_to_table_rejects_unknown_and_missing_fields
PASSED tests/test_schema.py::test_custom_schema
PASSED tests/test_p4_two_hop.py::test_location_gate_accepts_clean_signed_location
PASSED tests/test_p4_two_hop.py::test_location_gate_approved_host_is_per_observation
PASSED tests/test_p4_two_hop.py::test_location_gate_rejects_structure_altering_escapes[https://a-b-c.modelscope.cn/abc%41bc]
PASSED tests/test_p4_two_hop.py::test_location_gate_rejects_structure_altering_escapes[https://a-b-c.modelscope.cn/a%2Fb]
PASSED tests/test_p4_two_hop.py::test_location_gate_rejects_structure_altering_escapes[https://a-b-c.modelscope.cn/f%3Fq=1]
PASSED tests/test_p4_two_hop.py::test_location_gate_rejects_structure_altering_escapes[https://a-b-c.modelscope.cn/f%23frag]
PASSED tests/test_p4_two_hop.py::test_location_gate_rejects_structure_altering_escapes[https://a-b-c.modelscope.cn/f?sig=%40x]
PASSED tests/test_p4_two_hop.py::test_location_gate_rejects_structure_altering_escapes[https://a-b-c.modelscope.cn/f?sig=%2541]
PASSED tests/test_p4_two_hop.py::test_location_gate_rejects_structure_altering_escapes[https://a-b-c.modelscope.cn/f?sig=a%20b]
PASSED tests/test_p4_two_hop.py::test_location_gate_rejects_structure_altering_escapes[https://a-b-c.modelscope.cn/f?sig=a%3Bx]
PASSED tests/test_p4_two_hop.py::test_location_gate_rejects_structure_altering_escapes[https://a-b-c.modelscope.cn/f?sig=a%24x]
PASSED tests/test_p4_two_hop.py::test_location_gate_rejects_structure_altering_escapes[https://a-b-c.modelscope.cn/f?sig=a%22x]
PASSED tests/test_p4_two_hop.py::test_location_gate_allows_known_signed_query_encodings
PASSED tests/test_p4_two_hop.py::test_location_gate_query_escapes_cannot_change_structure
PASSED tests/test_p4_two_hop.py::test_location_gate_rejects_malformed_or_ambiguous[https://cdn-lfs-cn-1.modelscope.cn/f?Signature=a+b]
PASSED tests/test_p4_two_hop.py::test_location_gate_rejects_malformed_or_ambiguous[https://127.0.0.1/f?Signature=ab019]
PASSED tests/test_p4_two_hop.py::test_location_gate_rejects_malformed_or_ambiguous[https://user:pw@cdn-x-y.modelscope.cn/f]
PASSED tests/test_p4_two_hop.py::test_location_gate_rejects_malformed_or_ambiguous[https://cdn-x-y.modelscope.cn/f#frag]
PASSED tests/test_p4_two_hop.py::test_location_gate_rejects_malformed_or_ambiguous[https://cdn-x-y.modelscope.cn:8443/f]
PASSED tests/test_p4_two_hop.py::test_location_gate_rejects_malformed_or_ambiguous[https://cdn-x-y.modelscope.cn/%00]
PASSED tests/test_p4_two_hop.py::test_location_gate_rejects_malformed_or_ambiguous[https://cdn-x-y.modelscope.cn/f?Signature=AB%]
PASSED tests/test_p4_two_hop.py::test_location_gate_rejects_malformed_or_ambiguous[https://cdn-x-y.modelscope.cn/f?Signature=AB%ZZ]
PASSED tests/test_p4_two_hop.py::test_location_gate_rejects_malformed_or_ambiguous[http://cdn-x-y.modelscope.cn/f]
PASSED tests/test_p4_two_hop.py::test_location_gate_rejects_malformed_or_ambiguous[https://cdn_x-y.modelscope.cn/f]
PASSED tests/test_p4_two_hop.py::test_location_gate_length_cap
PASSED tests/test_p4_two_hop.py::test_location_gate_rejects_raw_token_echo
PASSED tests/test_p4_two_hop.py::test_etag_echo_check
PASSED tests/test_p4_two_hop.py::test_v2_key_domain_disjoint_from_legacy
PASSED tests/test_p4_two_hop.py::test_record_schema_fail_closed
PASSED tests/test_p4_two_hop.py::test_same_origin_cookie_attachment_rules
PASSED tests/test_p4_two_hop.py::test_offline_rejects_credential_bearing_transport
PASSED tests/test_p4_two_hop.py::test_list_files_maps_totalcount_field
PASSED tests/test_p4_two_hop.py::test_list_files_rejects_disagreeing_totals
PASSED tests/test_p4_two_hop.py::test_range_probe_binds_tree_entry_identity
PASSED tests/test_p4_two_hop.py::test_range_probe_rejects_unbound_or_malformed_entries
PASSED tests/test_p4_two_hop.py::test_record_probe_proof_uses_only_bound_identity
PASSED tests/test_p4_two_hop.py::test_proof_key_is_sensitive_to_object_identity
PASSED tests/test_p4_two_hop.py::test_two_hop_proof_stores_in_v2_domain
PASSED tests/test_p4_two_hop.py::test_v2_proof_cross_host_and_cross_profile_never_share_key
PASSED tests/test_p4_two_hop.py::test_v2_proof_requires_full_business_identity
PASSED tests/test_p4_two_hop.py::test_v2_record_validation_binds_identity_and_profile
PASSED tests/test_p4_two_hop.py::test_two_hop_success_on_loopback
PASSED tests/test_p4_two_hop.py::test_two_hop_range_has_no_external_host_injection
PASSED tests/test_p4_two_hop.py::test_two_hop_clone_carries_no_host_policy
PASSED tests/test_p4_two_hop.py::test_two_hop_rejects_size_mismatch_and_retains_nothing_unknown
PASSED tests/test_p4_two_hop.py::test_two_hop_cdn_must_be_credential_free
PASSED tests/test_p4_two_hop.py::test_parse_repository_accepts_runtime_owner_name[leafmoone/game_cg_5M]
PASSED tests/test_p4_two_hop.py::test_parse_repository_accepts_runtime_owner_name[leafmoone/konachan_full]
PASSED tests/test_p4_two_hop.py::test_parse_repository_accepts_runtime_owner_name[owner2/dataset-name_v2]
PASSED tests/test_p4_two_hop.py::test_parse_repository_accepts_runtime_owner_name[a1/b_2.c-3]
PASSED tests/test_p4_two_hop.py::test_parse_repository_accepts_runtime_owner_name[some_owner.some/some.repo.name]
PASSED tests/test_p4_two_hop.py::test_parse_repository_rejects_invalid_configuration[]
PASSED tests/test_p4_two_hop.py::test_parse_repository_rejects_invalid_configuration[leafmoone]
PASSED tests/test_p4_two_hop.py::test_parse_repository_rejects_invalid_configuration[leafmoone/]
PASSED tests/test_p4_two_hop.py::test_parse_repository_rejects_invalid_configuration[/game_cg_5M]
PASSED tests/test_p4_two_hop.py::test_parse_repository_rejects_invalid_configuration[a/b/c]
PASSED tests/test_p4_two_hop.py::test_parse_repository_rejects_invalid_configuration[a..b/c]
PASSED tests/test_p4_two_hop.py::test_parse_repository_rejects_invalid_configuration[owner/a..b]
PASSED tests/test_p4_two_hop.py::test_parse_repository_rejects_invalid_configuration[..a/b]
PASSED tests/test_p4_two_hop.py::test_parse_repository_rejects_invalid_configuration[a/..]
PASSED tests/test_p4_two_hop.py::test_parse_repository_rejects_invalid_configuration[owner/../name]
PASSED tests/test_p4_two_hop.py::test_parse_repository_rejects_invalid_configuration[.owner/name]
PASSED tests/test_p4_two_hop.py::test_parse_repository_rejects_invalid_configuration[_.owner/name]
PASSED tests/test_p4_two_hop.py::test_parse_repository_rejects_invalid_configuration[owner/-name]
PASSED tests/test_p4_two_hop.py::test_parse_repository_rejects_invalid_configuration[owner/name_]
PASSED tests/test_p4_two_hop.py::test_parse_repository_rejects_invalid_configuration[leaf%2Fmoone/game]
PASSED tests/test_p4_two_hop.py::test_parse_repository_rejects_invalid_configuration[leaf\\moone/game]
PASSED tests/test_p4_two_hop.py::test_parse_repository_rejects_invalid_configuration[leaf moone/game]
PASSED tests/test_p4_two_hop.py::test_parse_repository_rejects_invalid_configuration[leaf\nmoone/game]
PASSED tests/test_p4_two_hop.py::test_parse_repository_rejects_invalid_configuration[leafmoone/game_cg_5M/]
PASSED tests/test_p4_two_hop.py::test_parse_repository_rejects_invalid_configuration[leafmoone/game_cg_5M?Revision=x]
PASSED tests/test_p4_two_hop.py::test_parse_repository_rejects_invalid_configuration[leafmoone/game_cg_5M#f]
PASSED tests/test_p4_two_hop.py::test_parse_repository_rejects_invalid_configuration[xxxxxxxxxxxxxxxxxxxxxxxxxxxxxxxxxxxxxxxxxxxxxxxxxxxxxxxxxxxxxxxxxxxxxxxxxxxxxxxxxxxxxxxxxxxxxxxxxxxxx/y]
PASSED tests/test_p4_two_hop.py::test_parse_repository_rejects_invalid_configuration[o/yyyyyyyyyyyyyyyyyyyyyyyyyyyyyyyyyyyyyyyyyyyyyyyyyyyyyyyyyyyyyyyyyyyyyyyyyyyyyyyyyyyyyyyyyyyyyyyyyyyyy]
PASSED tests/test_p4_two_hop.py::test_parse_repository_rejects_invalid_configuration[123]
PASSED tests/test_p4_two_hop.py::test_parse_repository_rejects_invalid_configuration[None]
PASSED tests/test_p4_two_hop.py::test_parse_repository_rejects_invalid_configuration[bad25]
PASSED tests/test_p4_two_hop.py::test_parse_repository_rejects_consecutive_dots_with_dedicated_diagnostic
PASSED tests/test_p4_two_hop.py::test_v2_key_rejects_malformed_repository_and_is_repo_isolated
PASSED tests/test_p4_two_hop.py::test_validate_two_hop_record_requires_expected_repository
PASSED tests/test_p4_two_hop.py::test_probe_proof_refuses_cross_instance_reuse
PASSED tests/test_p4_two_hop.py::test_provider_normalizes_and_binds_repository_configuration
PASSED tests/test_p4_two_hop.py::test_unknown_repo_is_provider_answer_not_parser_restriction
SKIPPED [1] tests\test_p4_package.py:179: host lacks symlink privilege: OSError
SKIPPED [1] tests\test_runtime_remediation.py:787: this OS/user cannot create file symlinks
================= 521 passed, 2 skipped in 3024.01s (0:50:24) =================

EXIT_CODE=0
END 2026-09-30T11:39:48+08:00
